"","H1","H2","H3","H4","H5","U1","U2","U3","U4","U5"
"ASV_1",28725,1930,1383,1370,1426,719,472,1109,501,897
"ASV_3",53559,1586,1521,1967,1619,560,2373,849,1941,732
"ASV_4",320,752,224,3863,0,13169,126266,1815,87408,2560
"ASV_5",43343,218,7879,735,180,47,1097,146,4512,0
"ASV_6",1359,171,800,2635,1003,15439,22234,8391,28356,3625
"ASV_7",157,0,234,0,0,0,128,0,40,7
"ASV_8",283,3,28,412,15,8635,2317,6807,5349,10978
"ASV_9",90,83,97,403,0,3401,47954,3181,13234,4206
"ASV_10",36,4,0,441,0,0,0,8,18,0
"ASV_11",0,0,0,109,0,0,0,0,0,0
"ASV_12",18,15,73,886,0,24048,420,5794,3726,549
"ASV_13",0,0,0,360,0,0,0,0,0,0
"ASV_14",412,16,1012,0,0,0,0,5,0,10
"ASV_15",10265,42,3459,17220,845,0,2301,37,479,47
"ASV_16",35,6,25,95,0,521,0,1781,214,6025
"ASV_17",0,35,38,199,0,9539,9441,2120,5449,1748
"ASV_18",0,0,0,147,0,0,0,0,0,0
"ASV_19",0,0,0,237,0,42,0,0,0,0
"ASV_20",0,69,32,175,0,19690,4316,1015,8095,1117
"ASV_21",0,1,0,403,0,0,0,0,0,0
"ASV_22",0,0,1,142,0,91,144,94,612,38
"ASV_23",245,59,27,474,0,10769,0,4966,0,306
"ASV_24",372,466,708,555,456,367,92,425,381,4231
"ASV_25",8990,455,148,33283,534,0,0,0,0,21
"ASV_26",0,0,0,166,0,0,0,0,0,0
"ASV_27",70,30,83,256,0,3615,113,3328,4200,1594
"ASV_28",60,20,0,1394,0,0,0,0,0,0
"ASV_30",572,1642,641,322,2008,579,354,500,162,397
"ASV_31",86,30,23,90,0,816,16704,1025,4748,2013
"ASV_32",7434,79,233,19083,416,0,0,5,11,17
"ASV_33",648,1379,734,294,2314,162,251,332,267,569
"ASV_34",0,0,0,185,0,0,0,0,0,0
"ASV_35",0,0,0,0,0,112,3408,6,0,5269
"ASV_36",28,452,73,0,0,607,431,926,8580,841
"ASV_38",4175,556,131,36156,223,0,0,0,0,15
"ASV_40",0,0,0,275,0,0,0,0,0,0
"ASV_41",0,0,0,123,0,0,0,0,0,0
"ASV_42",264,28,55,56480,0,0,133,8,0,32
"ASV_43",0,0,0,384,0,0,0,0,0,0
"ASV_44",156,235,373,0,223,0,0,99,207,3185
"ASV_45",0,6,17,0,0,9401,3506,299,4289,1617
"ASV_47",0,1,10,62,13,0,2947,25,67,3256
"ASV_48",0,0,0,76,0,0,0,0,0,0
"ASV_49",18,0,0,0,0,13,113,0,0,65
"ASV_50",2356,28,0,0,0,472,6473,559,5262,404
"ASV_51",0,67,16,114,0,1196,1958,774,14474,131
"ASV_52",20,2,28,0,0,0,0,0,0,0
"ASV_53",0,0,0,109,0,0,0,0,0,0
"ASV_54",0,0,0,180,0,0,0,0,0,0
"ASV_55",184,40,566,0,0,0,0,0,0,0
"ASV_56",28,3,48,152,0,10938,866,730,3401,335
"ASV_57",683,94,1631,0,0,0,128,0,33,16
"ASV_58",8204,84,153,12347,326,0,0,0,0,23
"ASV_59",0,0,0,156,0,0,0,0,0,0
"ASV_60",0,12,17,465,0,477,8160,621,3210,750
"ASV_61",21,0,57,28,0,4915,892,905,3368,1494
"ASV_62",209,58,45,299,0,852,4833,1425,6508,492
"ASV_63",854,330,495,0,0,216,1035,1074,3397,146
"ASV_65",0,7,30,242,0,89,3045,305,726,529
"ASV_67",408,670,830,76,316,0,0,5,51,14
"ASV_69",3023,161,156,194,221,0,0,103,0,88
"ASV_71",13,1,0,213,0,0,0,0,0,0
"ASV_72",0,0,0,180,0,0,0,0,0,0
"ASV_73",1634,15,263,2597,0,354,1025,421,3726,55
"ASV_75",6713,45,1001,0,0,0,0,0,403,0
"ASV_76",0,0,0,0,0,0,0,0,33,8
"ASV_79",24,0,0,161,0,0,0,0,0,0
"ASV_80",0,210,6,47,0,2093,1353,147,4643,427
"ASV_81",216,2,5,1123,0,0,0,21,214,9
"ASV_82",4950,82,128,0,281,180,0,74,0,30
"ASV_83",0,0,0,128,0,0,0,0,0,0
"ASV_85",14,82,17,0,0,1063,861,0,9297,1022
"ASV_86",0,0,0,85,0,0,0,0,0,0
"ASV_88",0,0,0,147,0,0,0,0,0,0
"ASV_89",1428,666,621,327,734,52,0,62,0,0
"ASV_90",0,0,0,71,0,0,0,0,0,0
"ASV_91",0,0,0,114,0,0,0,0,0,3
"ASV_92",0,0,0,270,0,0,0,0,0,0
"ASV_94",0,0,0,76,0,0,0,0,0,0
"ASV_95",38,0,6,199,0,0,72,0,0,0
"ASV_96",0,7,0,0,0,3917,518,1890,588,58
"ASV_98",0,2,0,204,0,8277,103,1203,857,123
"ASV_99",0,0,0,118,0,0,0,0,0,0
"ASV_100",0,1,0,0,0,0,0,5,0,0
"ASV_101",208,13,15,1308,203,0,0,0,0,0
"ASV_102",0,0,0,90,0,0,0,0,0,0
"ASV_103",0,19,0,43,0,0,0,33,0,2444
"ASV_104",48,14,18,839,105,1738,1440,711,1226,148
"ASV_106",24,0,0,0,0,0,0,0,0,44
"ASV_108",28,0,0,0,0,0,0,0,0,0
"ASV_109",0,0,0,71,0,0,0,0,0,0
"ASV_110",6489,14,105,1052,298,0,1230,47,908,47
"ASV_111",10,3,0,0,0,0,0,0,0,0
"ASV_112",80,28,24,7854,0,0,51,7,38,40
"ASV_113",0,0,8,0,0,167,359,461,677,1244
"ASV_115",1219,5,87,4659,78,0,92,397,287,0
"ASV_121",17,0,0,81,0,0,0,0,0,0
"ASV_122",146,178,252,261,0,0,0,138,183,1118
"ASV_123",171,0,65,0,0,1790,841,362,410,1240
"ASV_124",0,0,3,0,0,0,0,0,0,10
"ASV_129",0,0,0,0,0,2108,4157,494,1667,419
"ASV_134",0,0,3,114,0,0,0,0,0,0
"ASV_137",0,0,0,166,0,0,0,0,0,0
"ASV_140",0,0,0,0,0,23,0,3,0,0
"ASV_141",18,0,0,246,0,0,0,0,0,0
"ASV_146",57,0,0,23619,0,0,0,53,0,14
"ASV_147",0,1,0,0,0,0,0,0,0,12
"ASV_148",0,1,0,85,0,0,0,0,0,3
"ASV_154",0,0,0,104,0,0,0,0,0,0
"ASV_155",39,7,0,23282,0,0,0,0,0,0
"ASV_160",6,0,0,81,0,0,0,0,0,0
"ASV_161",66,0,8,0,0,0,2460,0,165,1576
"ASV_162",0,0,0,47,0,26,0,0,0,0
"ASV_164",244,21,270,0,0,0,0,0,96,0
"ASV_165",0,0,9,0,0,305,154,1105,1587,43
"ASV_166",0,0,18,0,0,0,0,0,0,0
"ASV_167",21,0,0,166,0,0,0,9,0,47
"ASV_171",94,25,63,66,0,2111,159,334,568,774
"ASV_174",1405,14,843,678,0,0,0,0,0,0
"ASV_175",1674,21,66,10996,371,0,0,0,0,10
"ASV_176",1408,37,151,10371,168,0,1030,26,236,37
"ASV_177",0,0,0,76,0,0,0,0,0,0
"ASV_179",0,0,0,90,0,0,0,0,0,0
"ASV_190",984,181,7,11072,526,0,0,16,0,0
"ASV_191",0,0,0,156,0,0,0,0,0,0
"ASV_194",0,3,10,0,0,2132,308,401,1420,582
"ASV_197",135,0,437,697,0,13,77,51,276,37
"ASV_199",0,0,0,90,0,0,0,0,0,0
"ASV_201",928,9,368,1024,0,16,87,215,243,0
"ASV_204",185,330,514,0,120,0,0,0,0,0
"ASV_208",13,6,97,33,0,0,0,1193,91,0
"ASV_209",1900,7,461,3702,0,0,92,0,0,0
"ASV_212",13,15,15,90,0,0,0,0,0,0
"ASV_215",11,0,0,38,0,18,0,5,33,5
"ASV_216",46,0,0,237,0,0,0,0,0,0
"ASV_222",28,0,0,0,0,0,0,0,0,0
"ASV_230",0,0,0,0,0,691,3316,56,0,763
"ASV_238",95,2,19,0,0,738,0,364,0,783
"ASV_239",0,0,0,52,0,0,0,0,0,4
"ASV_247",0,0,3,0,0,0,56,26,82,13
"ASV_248",8,0,0,76,0,0,0,0,0,0
"ASV_249",178,10,9,1545,0,0,0,9,0,4
"ASV_251",2105,10,110,2370,58,0,712,120,973,17
"ASV_252",0,0,0,228,0,0,0,0,0,0
"ASV_255",0,0,0,85,0,0,0,0,0,0
"ASV_256",153,159,116,0,426,0,0,372,0,100
"ASV_260",60,0,0,0,0,0,0,0,0,0
"ASV_261",4537,0,0,0,0,0,0,0,0,0
"ASV_264",0,0,0,0,0,0,118,0,0,1175
"ASV_268",0,0,821,0,0,0,0,6,0,0
"ASV_273",0,0,0,85,0,0,0,0,0,0
"ASV_274",0,0,6,90,0,354,3111,222,690,428
"ASV_276",126,4,775,0,0,107,0,0,0,0
"ASV_278",0,0,0,0,0,94,0,8,0,0
"ASV_279",457,10,449,3944,371,0,0,0,0,0
"ASV_280",0,158,0,0,0,107,0,14,4311,6
"ASV_281",0,0,0,109,0,0,0,0,0,0
"ASV_284",0,0,4,76,0,302,0,10,0,4
"ASV_286",595,93,75,7043,0,0,0,0,0,4
"ASV_288",0,0,0,0,0,0,0,18,0,0
"ASV_289",726,122,33,4811,73,0,0,0,0,0
"ASV_291",0,26,5,62,0,404,328,179,3470,92
"ASV_294",0,9,3,43,0,326,277,225,890,490
"ASV_295",0,3,0,0,0,0,0,0,0,0
"ASV_298",0,0,24,0,0,709,0,326,158,510
"ASV_299",118,16,512,0,35,91,0,94,47,137
"ASV_301",0,0,748,0,0,0,0,0,0,0
"ASV_302",0,0,0,38,0,47,0,4,16,0
"ASV_303",0,0,0,38,0,0,0,4,0,0
"ASV_305",0,0,0,142,0,0,0,0,0,0
"ASV_306",614,3,211,7119,0,0,0,8,0,0
"ASV_307",0,0,0,502,0,0,0,0,0,0
"ASV_309",2885,7,144,180,0,0,0,38,0,0
"ASV_312",0,0,17,0,0,936,805,19,245,671
"ASV_314",216,1,654,237,0,0,0,0,0,7
"ASV_316",0,0,0,0,0,0,0,0,0,6
"ASV_319",13,0,0,12106,343,0,0,0,0,0
"ASV_322",125,253,299,0,0,0,0,0,0,4
"ASV_328",73,3,14,645,0,0,0,0,0,6
"ASV_331",43,0,11,0,0,680,0,582,712,81
"ASV_332",56,8,0,11859,0,0,0,0,0,16
"ASV_335",170,182,121,81,0,242,0,77,0,21
"ASV_336",0,1,0,95,0,0,0,0,0,0
"ASV_338",0,42,5,123,0,529,415,0,3301,21
"ASV_344",0,0,0,0,0,0,0,6,0,0
"ASV_347",0,0,4,24,0,0,0,0,0,0
"ASV_355",0,0,0,0,0,70,205,228,154,334
"ASV_358",0,6,26,0,0,0,0,0,0,0
"ASV_361",90,31,2,9285,456,0,0,0,0,0
"ASV_363",46,2,311,0,0,0,1481,21,730,171
"ASV_365",0,0,2,0,0,0,0,0,0,4
"ASV_369",0,0,0,0,0,42,0,0,0,15
"ASV_370",0,0,0,71,0,0,0,0,0,0
"ASV_372",0,3,0,0,0,63,215,717,361,19
"ASV_376",0,0,0,171,0,0,0,0,0,0
"ASV_377",0,0,0,95,0,0,0,0,0,0
"ASV_378",670,3,238,4152,0,0,0,0,0,0
"ASV_379",126,2,534,0,0,0,0,0,0,0
"ASV_393",520,133,42,3844,0,0,0,0,0,13
"ASV_394",0,11,0,0,0,0,0,0,0,779
"ASV_395",264,20,209,0,135,44,0,0,0,5
"ASV_397",0,0,0,0,0,0,205,0,0,748
"ASV_403",805,10,172,2171,0,0,72,40,0,24
"ASV_408",0,0,0,10115,0,0,0,0,0,0
"ASV_409",0,2,0,0,0,308,523,48,187,105
"ASV_410",0,0,0,0,0,172,108,124,0,607
"ASV_411",445,0,0,8589,0,0,0,0,0,0
"ASV_413",0,0,0,0,0,89,436,345,254,182
"ASV_415",25,9,159,0,659,0,67,0,0,28
"ASV_416",6,5,525,38,0,0,0,2,0,0
"ASV_417",743,0,402,0,0,0,0,0,0,0
"ASV_420",0,0,0,0,0,0,0,0,0,6
"ASV_423",0,0,0,52,30,0,0,3,0,0
"ASV_425",14,0,0,71,0,0,0,0,0,0
"ASV_429",0,0,11,0,0,0,0,0,0,0
"ASV_431",0,0,22,0,0,493,584,155,821,169
"ASV_436",140,0,12,8589,0,0,0,0,0,0
"ASV_439",125,54,377,0,180,0,0,0,0,0
"ASV_444",1219,36,5,3052,0,0,0,0,71,0
"ASV_445",0,10,80,0,173,0,0,0,102,47
"ASV_447",0,0,50,502,0,0,0,0,89,0
"ASV_451",429,57,0,4437,712,18,123,0,0,0
"ASV_453",0,0,3,0,0,310,630,64,347,327
"ASV_454",25,5,3,284,0,78,1256,182,608,131
"ASV_456",278,4,220,3124,65,0,62,2,18,1
"ASV_460",1826,12,85,0,0,0,123,29,134,0
"ASV_461",114,7,0,7077,0,0,0,0,0,3
"ASV_462",0,0,2,0,0,0,0,0,62,0
"ASV_464",0,0,0,0,0,0,1697,140,1743,75
"ASV_468",0,0,0,0,0,0,0,11,0,0
"ASV_469",402,4,20,867,0,0,1097,18,962,174
"ASV_473",52,213,45,0,238,323,21,20,16,14
"ASV_475",0,0,0,0,0,0,0,0,0,7
"ASV_476",0,0,0,114,0,0,0,0,0,0
"ASV_480",22,0,3,0,0,0,0,0,0,7
"ASV_484",0,0,0,0,0,0,0,17,0,197
"ASV_485",0,0,0,0,0,154,0,161,272,40
"ASV_490",0,0,36,194,0,0,0,65,0,506
"ASV_494",0,1,0,28,0,537,343,275,323,107
"ASV_497",56,169,111,379,55,0,0,0,0,0
"ASV_501",125,38,0,0,0,0,0,2,0,5
"ASV_505",35,12,384,422,0,0,36,0,29,0
"ASV_511",660,3,13,3086,0,0,0,0,0,0
"ASV_513",0,0,0,47,0,0,0,0,0,17
"ASV_521",0,0,6,0,0,44,174,214,60,234
"ASV_522",0,0,0,166,0,0,0,0,0,0
"ASV_523",0,10,33,0,0,503,0,255,1349,0
"ASV_527",498,4,327,0,0,0,0,0,0,0
"ASV_528",869,8,24,3744,10,0,256,0,91,0
"ASV_530",0,0,72,6423,0,0,0,0,0,0
"ASV_533",0,0,0,0,0,115,1122,61,0,427
"ASV_535",31,8,0,57,0,128,1138,162,383,172
"ASV_536",17,210,0,1863,0,0,0,0,0,0
"ASV_537",1206,93,30,128,0,0,67,15,45,0
"ASV_540",397,52,175,114,0,0,364,77,105,0
"ASV_543",0,278,0,0,0,0,0,0,0,0
"ASV_544",372,0,198,0,0,0,0,97,0,0
"ASV_546",0,5,0,33,0,169,138,152,872,62
"ASV_547",0,0,12,114,0,0,0,13,2019,0
"ASV_548",0,5,53,0,0,566,62,87,0,51
"ASV_550",0,0,0,90,0,0,0,0,0,0
"ASV_552",0,0,7,0,0,0,0,0,0,0
"ASV_553",0,0,0,0,0,0,0,19,0,57
"ASV_561",0,0,0,0,0,0,0,594,0,0
"ASV_563",41,0,0,891,0,0,0,148,125,44
"ASV_571",15,3,4,204,0,0,0,0,0,5
"ASV_572",21,0,368,142,0,0,0,0,0,0
"ASV_573",0,0,4,19,0,50,0,0,0,0
"ASV_577",328,30,15,4242,25,0,0,0,0,3
"ASV_578",66,0,0,327,0,0,0,0,0,0
"ASV_580",35,8,0,6441,175,0,0,0,0,0
"ASV_581",0,0,36,0,0,0,0,0,0,92
"ASV_584",130,174,44,0,23,0,97,0,18,25
"ASV_592",463,6,76,1967,138,0,0,0,0,0
"ASV_593",0,3,0,71,0,0,0,0,0,9
"ASV_597",499,2,2,5086,0,0,0,0,0,3
"ASV_608",0,0,0,0,0,21,0,0,0,3
"ASV_610",0,0,0,0,0,0,0,0,0,11
"ASV_613",0,0,0,0,0,0,174,0,0,507
"ASV_617",0,0,4,446,0,0,0,0,0,0
"ASV_619",933,6,77,1270,28,0,0,3,0,2
"ASV_624",1195,0,136,0,0,0,0,0,0,10
"ASV_625",0,0,0,43,0,0,56,142,0,0
"ASV_634",28,0,72,0,48,0,0,0,0,0
"ASV_636",111,8,36,4309,0,0,0,0,0,0
"ASV_637",0,0,6,6460,0,0,0,0,0,0
"ASV_642",0,0,0,0,0,696,0,368,165,0
"ASV_643",50,23,248,0,0,0,0,5,0,62
"ASV_646",0,0,0,71,0,0,0,0,0,0
"ASV_647",494,0,51,1266,389,0,0,0,0,0
"ASV_648",21,0,0,0,0,0,0,0,0,0
"ASV_651",0,0,13,0,0,172,302,43,830,0
"ASV_667",171,4,79,1479,0,0,108,179,20,10
"ASV_673",0,0,6,0,0,83,354,95,507,13
"ASV_675",0,0,317,0,0,0,0,0,0,0
"ASV_680",0,0,0,0,0,237,600,0,0,359
"ASV_682",0,0,0,85,0,0,0,0,0,0
"ASV_686",0,0,0,104,40,0,0,0,0,0
"ASV_687",14,0,43,0,38,0,46,397,0,0
"ASV_691",0,0,0,0,0,96,0,65,0,26
"ASV_695",0,0,0,0,0,70,641,72,815,20
"ASV_697",0,0,0,0,0,1019,0,42,131,0
"ASV_698",0,24,21,0,0,0,0,0,2270,0
"ASV_706",928,0,84,673,0,0,62,0,47,22
"ASV_710",572,111,0,412,0,0,390,3,0,0
"ASV_711",0,0,0,0,0,0,190,9,4,238
"ASV_713",59,68,28,2583,0,0,0,0,0,0
"ASV_716",111,0,29,100,343,0,123,15,205,0
"ASV_725",0,0,0,0,0,0,718,51,0,329
"ASV_727",0,9,3,47,0,112,0,19,532,0
"ASV_730",0,0,281,0,0,112,0,0,0,0
"ASV_731",0,0,297,0,0,0,0,0,0,0
"ASV_733",0,0,4,0,0,237,0,77,1113,0
"ASV_736",0,12,17,76,0,0,0,322,0,16
"ASV_737",536,0,42,1232,50,0,51,2,0,0
"ASV_747",344,0,164,687,253,0,0,0,0,0
"ASV_749",222,55,17,1526,0,0,0,28,0,0
"ASV_752",224,102,6,1631,0,0,0,0,0,0
"ASV_755",0,0,14,0,0,0,62,147,296,31
"ASV_756",330,4,118,1142,20,94,0,19,0,0
"ASV_757",0,0,15,280,0,209,0,0,0,0
"ASV_760",0,0,0,0,0,0,0,0,0,9
"ASV_761",571,0,80,1000,0,0,0,0,352,0
"ASV_766",34,2,0,0,0,44,559,147,269,58
"ASV_778",290,0,0,2659,0,0,0,0,0,0
"ASV_779",0,0,275,47,0,0,0,0,0,0
"ASV_780",11,0,0,0,0,36,0,290,0,87
"ASV_782",1221,24,13,0,0,0,0,0,0,0
"ASV_785",0,2,42,0,812,0,369,18,0,43
"ASV_787",60,26,168,0,0,0,0,0,0,0
"ASV_788",0,0,0,0,0,0,0,399,0,0
"ASV_793",192,0,0,0,0,0,0,0,0,0
"ASV_801",0,0,0,0,647,0,0,0,0,0
"ASV_803",402,0,53,1687,83,0,0,0,0,6
"ASV_804",0,0,3,0,0,138,31,58,156,76
"ASV_806",439,5,17,1280,0,0,0,0,0,0
"ASV_807",0,0,0,0,0,0,92,0,0,94
"ASV_808",300,0,37,0,0,0,0,0,0,0
"ASV_813",0,0,0,0,0,0,789,107,176,122
"ASV_815",425,25,0,2560,0,0,0,0,0,0
"ASV_818",0,0,0,0,0,2155,0,0,0,68
"ASV_819",0,0,0,118,0,0,0,0,0,0
"ASV_821",0,0,15,0,0,250,0,213,265,64
"ASV_827",0,0,0,0,0,0,851,79,87,97
"ASV_829",160,57,3,2232,0,0,0,0,0,7
"ASV_832",489,14,76,1275,0,0,0,0,0,0
"ASV_846",255,5,19,76,0,0,241,42,120,146
"ASV_847",135,0,0,0,0,63,0,6,0,0
"ASV_852",0,0,0,0,0,0,769,78,49,88
"ASV_859",0,1,0,33,0,23,97,55,53,104
"ASV_860",0,0,0,0,0,0,118,0,0,7
"ASV_866",0,0,0,0,0,0,0,0,0,348
"ASV_869",29,0,38,408,75,0,0,0,0,0
"ASV_876",1289,0,0,0,0,0,0,0,0,0
"ASV_884",73,21,6,621,0,532,0,11,0,9
"ASV_894",0,0,0,0,0,94,0,0,0,3
"ASV_895",0,7,0,0,0,0,466,32,1079,16
"ASV_899",0,0,0,0,0,0,0,0,51,17
"ASV_908",0,0,2,0,0,0,36,5,18,0
"ASV_918",0,0,207,156,0,0,0,0,0,0
"ASV_920",910,0,53,0,0,0,0,0,0,0
"ASV_921",101,0,87,43,0,5,0,87,0,0
"ASV_925",13,0,0,76,0,0,0,0,0,3
"ASV_941",48,0,9,185,0,0,138,17,267,21
"ASV_946",0,0,0,0,0,0,0,0,272,17
"ASV_947",0,0,0,0,0,907,0,0,24,31
"ASV_948",0,127,19,137,0,0,0,0,0,0
"ASV_950",0,55,0,0,0,0,0,0,0,0
"ASV_951",0,0,211,47,0,0,0,0,0,0
"ASV_955",913,0,27,337,0,0,0,0,0,0
"ASV_956",0,104,23,0,0,0,0,0,0,49
"ASV_957",0,4,0,0,0,0,0,0,0,0
"ASV_959",0,3,6,38,0,21,0,25,0,4
"ASV_965",0,0,0,0,0,0,185,0,0,271
"ASV_968",501,0,41,1403,0,0,0,0,0,0
"ASV_969",21,3,4,114,0,26,548,0,111,159
"ASV_972",0,0,0,43,0,0,374,0,0,267
"ASV_983",0,0,0,3735,0,0,0,0,0,0
"ASV_994",0,0,0,0,0,44,0,0,0,0
"ASV_997",0,0,198,0,0,0,0,0,0,0
"ASV_999",22,4,108,379,93,0,0,23,87,0
"ASV_1005",0,0,0,0,0,0,0,4,0,8
"ASV_1007",57,0,3,0,0,0,410,31,870,56
"ASV_1010",0,0,184,0,0,0,0,0,0,0
"ASV_1011",0,0,47,0,0,0,0,0,0,0
"ASV_1015",0,0,7,0,0,0,0,0,0,8
"ASV_1016",0,0,10,0,0,360,133,24,639,0
"ASV_1021",22,11,11,0,0,0,0,0,0,0
"ASV_1024",0,0,0,0,0,0,456,86,0,112
"ASV_1026",0,0,7,3332,0,0,0,0,0,0
"ASV_1029",304,4,30,1431,203,0,0,0,0,0
"ASV_1038",49,0,0,0,0,0,0,16,0,240
"ASV_1044",320,11,15,1806,0,0,0,0,0,0
"ASV_1049",0,0,1,38,0,0,0,0,49,0
"ASV_1050",70,0,36,0,0,0,0,0,0,33
"ASV_1051",0,0,0,0,0,0,0,5,0,33
"ASV_1052",562,0,23,659,100,0,0,0,0,0
"ASV_1053",0,0,0,0,0,0,87,0,0,41
"ASV_1059",955,0,11,0,0,0,0,0,0,0
"ASV_1060",0,0,9,0,0,68,0,0,0,79
"ASV_1065",0,0,7,0,0,0,292,12,398,115
"ASV_1067",0,5,9,498,0,0,0,0,0,0
"ASV_1070",95,15,0,2659,0,0,0,0,0,1
"ASV_1075",0,0,0,2389,0,109,0,0,0,0
"ASV_1078",0,2,0,0,0,50,0,0,0,0
"ASV_1084",261,0,116,0,0,0,77,0,114,0
"ASV_1085",0,109,0,0,0,0,0,0,0,27
"ASV_1091",21,0,60,1607,58,0,0,0,0,0
"ASV_1102",0,0,0,0,0,57,241,0,0,106
"ASV_1108",77,0,4,2891,0,0,0,0,0,0
"ASV_1109",0,0,0,0,0,0,0,260,0,0
"ASV_1110",0,0,0,100,0,0,0,0,0,0
"ASV_1113",0,0,0,0,0,0,0,6,0,0
"ASV_1114",39,0,72,1735,0,0,0,0,0,0
"ASV_1118",0,6,18,2005,0,0,0,0,0,0
"ASV_1121",79,0,32,1830,15,0,0,0,0,4
"ASV_1127",317,9,28,166,311,0,31,0,29,0
"ASV_1130",0,0,172,0,0,0,0,0,0,0
"ASV_1137",289,0,13,962,0,0,0,0,0,0
"ASV_1138",153,8,13,1048,0,0,0,0,0,0
"ASV_1143",38,4,120,389,135,0,0,0,0,0
"ASV_1155",0,3,15,2493,115,0,0,0,0,0
"ASV_1157",0,0,2,0,0,0,0,0,0,3
"ASV_1162",102,24,49,0,0,0,0,9,472,0
"ASV_1164",0,0,0,2815,110,0,0,0,0,0
"ASV_1175",0,0,0,0,0,1564,0,0,0,0
"ASV_1177",149,8,16,777,0,0,0,0,0,0
"ASV_1178",0,9,0,1806,0,0,0,0,0,0
"ASV_1186",189,0,114,95,0,0,0,0,0,8
"ASV_1204",0,0,126,559,0,0,0,0,0,0
"ASV_1207",0,0,0,2797,0,0,0,5,0,0
"ASV_1211",0,4,5,796,0,0,0,101,51,0
"ASV_1212",0,0,0,0,0,467,0,23,0,61
"ASV_1215",0,0,0,128,0,0,0,0,0,0
"ASV_1218",603,0,0,393,0,0,0,3,0,23
"ASV_1225",0,1,0,0,0,102,0,47,136,75
"ASV_1229",87,34,65,370,0,0,0,0,0,0
"ASV_1247",0,0,0,0,0,967,67,61,73,0
"ASV_1253",0,0,0,0,0,0,51,0,0,28
"ASV_1257",419,8,34,0,0,0,205,3,0,0
"ASV_1259",0,0,11,0,0,0,0,0,0,0
"ASV_1263",0,0,0,0,0,0,0,0,0,210
"ASV_1265",0,99,0,0,0,0,0,0,0,0
"ASV_1269",73,1,2,1977,0,0,0,0,0,0
"ASV_1278",397,0,0,526,0,0,0,0,0,0
"ASV_1279",77,0,28,1891,0,0,0,0,0,0
"ASV_1280",86,0,0,2062,0,0,0,0,0,0
"ASV_1281",29,0,24,1986,0,0,0,0,0,0
"ASV_1283",0,0,10,161,0,0,666,39,214,7
"ASV_1286",233,26,14,175,353,0,31,0,0,0
"ASV_1287",0,0,0,2640,0,0,0,0,0,0
"ASV_1289",15,0,0,0,0,0,0,0,76,0
"ASV_1291",56,9,72,863,0,0,0,0,0,0
"ASV_1306",432,41,0,0,0,0,0,0,0,0
"ASV_1308",0,0,0,2574,0,0,0,0,0,0
"ASV_1311",0,0,0,33,0,0,144,16,574,30
"ASV_1317",46,3,3,578,0,0,267,0,470,32
"ASV_1326",0,0,0,0,0,0,323,19,0,26
"ASV_1327",237,0,76,0,0,0,82,19,0,0
"ASV_1336",0,0,0,76,0,0,0,0,0,0
"ASV_1337",733,0,0,0,0,0,0,0,0,0
"ASV_1339",0,2,0,0,0,0,87,15,31,162
"ASV_1344",0,0,0,0,0,136,0,0,1033,0
"ASV_1351",0,1,1,0,0,50,410,16,432,13
"ASV_1352",0,0,0,2427,0,0,0,0,0,0
"ASV_1357",0,0,0,0,0,8,267,24,22,60
"ASV_1358",0,0,5,422,0,76,67,13,65,84
"ASV_1363",4,0,19,0,0,0,0,16,0,0
"ASV_1365",0,0,0,0,0,0,46,0,0,14
"ASV_1372",0,0,0,0,0,0,0,0,122,0
"ASV_1377",0,0,0,0,0,0,118,0,0,14
"ASV_1384",233,0,51,611,0,0,0,0,0,0
"ASV_1386",184,19,46,0,0,0,0,27,0,0
"ASV_1387",20,0,25,938,0,0,0,0,0,56
"ASV_1395",0,0,8,185,0,0,0,0,0,0
"ASV_1406",0,0,20,0,0,0,0,154,0,0
"ASV_1408",0,0,0,0,0,0,0,0,220,0
"ASV_1413",0,0,0,389,0,0,0,0,0,0
"ASV_1415",0,0,0,294,0,0,0,0,116,22
"ASV_1419",0,0,0,104,0,0,0,0,0,0
"ASV_1424",273,11,0,1033,0,0,0,0,0,0
"ASV_1425",11,1,0,1977,100,0,0,0,0,0
"ASV_1429",17,0,0,213,0,0,0,0,0,0
"ASV_1439",77,0,0,1811,0,0,0,0,0,0
"ASV_1441",259,0,10,1109,0,0,0,3,0,0
"ASV_1443",62,0,3,71,98,0,0,62,100,0
"ASV_1451",0,1,9,374,857,0,0,0,0,0
"ASV_1453",81,4,68,0,80,0,77,0,0,0
"ASV_1459",195,5,33,673,0,0,0,0,0,0
"ASV_1467",0,0,0,0,0,0,164,26,49,17
"ASV_1469",0,0,0,0,0,0,0,0,0,160
"ASV_1475",39,2,63,289,261,0,0,0,0,0
"ASV_1495",0,0,0,0,0,0,0,0,16,3
"ASV_1496",0,0,0,0,0,0,0,11,0,6
"ASV_1497",0,0,0,2071,0,0,0,0,0,0
"ASV_1500",0,0,0,0,0,602,0,0,0,76
"ASV_1502",0,0,0,0,0,0,0,0,0,19
"ASV_1508",0,0,5,0,0,0,0,0,917,0
"ASV_1511",606,0,0,0,0,0,0,0,0,0
"ASV_1514",0,0,0,2043,0,0,0,0,0,0
"ASV_1515",0,0,0,0,0,0,0,164,0,0
"ASV_1525",0,0,0,0,0,0,0,0,53,0
"ASV_1530",201,0,73,0,0,0,0,0,0,0
"ASV_1533",230,0,4,85,75,0,0,0,53,4
"ASV_1535",43,0,0,104,0,0,0,0,0,0
"ASV_1536",236,2,10,872,0,0,0,0,0,0
"ASV_1555",0,0,0,0,0,0,0,0,67,0
"ASV_1557",0,0,0,0,0,0,0,6,534,56
"ASV_1558",585,0,0,0,0,0,0,0,0,0
"ASV_1566",0,0,0,0,0,76,1307,5,0,19
"ASV_1571",0,0,8,0,0,0,0,0,0,6
"ASV_1580",18,0,15,0,0,0,0,7,0,8
"ASV_1582",379,0,2,0,0,0,0,0,0,0
"ASV_1586",27,0,0,502,0,0,0,0,0,0
"ASV_1587",0,0,0,0,0,0,395,0,0,55
"ASV_1589",0,0,0,0,0,1058,0,0,0,0
"ASV_1592",0,17,12,787,30,0,0,0,0,0
"ASV_1599",24,0,0,1758,0,0,0,0,0,6
"ASV_1602",158,3,23,417,231,0,0,0,0,0
"ASV_1605",43,0,0,0,0,0,0,0,0,0
"ASV_1606",0,0,0,0,0,0,302,18,0,41
"ASV_1607",56,0,1,1659,0,0,0,0,0,2
"ASV_1612",0,0,25,403,0,0,0,0,0,0
"ASV_1619",0,0,0,256,0,0,0,100,38,0
"ASV_1621",35,0,0,1763,0,0,0,0,0,0
"ASV_1630",29,3,0,109,0,13,46,20,198,66
"ASV_1636",0,0,0,0,0,0,0,0,0,27
"ASV_1641",22,0,0,1773,0,0,0,0,0,0
"ASV_1645",0,22,0,962,0,0,0,0,0,0
"ASV_1648",0,0,18,0,0,0,359,0,403,25
"ASV_1653",132,0,6,355,0,0,0,0,16,0
"ASV_1654",46,0,91,0,0,0,0,0,0,0
"ASV_1658",0,0,0,0,0,0,0,122,0,0
"ASV_1661",0,0,4,0,0,0,0,0,0,0
"ASV_1665",0,0,0,0,0,751,0,23,0,0
"ASV_1670",91,0,65,0,0,0,0,0,134,0
"ASV_1681",14,0,2,0,0,0,0,0,0,0
"ASV_1682",17,3,0,635,526,0,0,0,0,0
"ASV_1688",28,0,0,147,0,0,0,0,0,0
"ASV_1693",0,0,0,0,0,0,0,127,0,0
"ASV_1699",0,0,96,0,0,0,0,0,0,0
"ASV_1700",0,9,36,0,0,0,0,7,0,0
"ASV_1708",0,0,19,0,0,0,0,111,0,0
"ASV_1716",0,0,0,1721,0,0,0,0,0,0
"ASV_1724",0,0,0,0,0,0,123,106,78,8
"ASV_1727",179,3,51,0,0,0,0,3,0,0
"ASV_1729",116,7,0,536,103,0,0,0,0,6
"ASV_1731",0,0,78,0,0,0,0,0,0,0
"ASV_1732",387,0,21,0,0,0,0,0,0,0
"ASV_1736",0,0,0,0,0,0,0,0,227,0
"ASV_1738",0,0,0,0,0,21,0,7,0,0
"ASV_1741",0,0,7,0,0,344,0,23,0,0
"ASV_1742",36,5,57,0,0,0,0,2,0,1
"ASV_1746",39,38,12,194,48,0,0,0,0,0
"ASV_1747",0,0,0,104,0,0,123,85,62,3
"ASV_1763",0,0,0,0,0,0,0,14,0,0
"ASV_1764",0,0,0,0,0,0,0,133,0,0
"ASV_1772",0,0,0,246,0,0,0,8,62,0
"ASV_1775",0,0,0,0,0,0,0,0,0,7
"ASV_1778",0,0,0,0,0,0,51,16,0,108
"ASV_1780",0,0,0,0,0,0,0,0,0,127
"ASV_1782",20,4,13,294,60,0,0,0,0,0
"ASV_1792",0,0,6,0,0,0,0,0,0,0
"ASV_1793",73,0,0,436,0,0,0,0,0,0
"ASV_1800",31,0,0,1436,0,0,0,3,0,0
"ASV_1803",0,2,0,0,0,839,0,0,0,0
"ASV_1811",0,0,5,0,0,0,0,24,0,0
"ASV_1813",179,0,53,0,0,0,0,0,0,0
"ASV_1816",52,0,7,1076,0,0,0,0,0,0
"ASV_1829",0,0,50,635,0,0,0,0,0,0
"ASV_1834",0,0,0,1555,0,0,0,0,0,0
"ASV_1838",35,0,8,1114,0,0,0,0,0,1
"ASV_1839",0,0,0,0,0,0,0,0,9,68
"ASV_1840",0,5,0,0,0,0,149,0,601,0
"ASV_1847",0,0,68,294,0,0,0,0,0,0
"ASV_1854",84,8,0,1038,0,0,0,0,0,0
"ASV_1858",90,12,0,896,0,0,0,0,0,0
"ASV_1866",0,0,72,0,0,0,0,0,0,0
"ASV_1871",111,25,18,128,0,0,0,0,0,0
"ASV_1872",0,0,0,0,0,0,0,0,0,35
"ASV_1873",160,0,46,114,0,0,0,0,0,0
"ASV_1874",0,0,0,0,0,0,0,0,0,117
"ASV_1876",0,0,10,1190,70,0,0,0,0,0
"ASV_1880",15,1,7,934,115,0,0,0,0,0
"ASV_1883",43,2,0,834,0,0,0,0,0,0
"ASV_1895",0,0,0,0,0,0,0,0,0,115
"ASV_1901",0,0,0,0,0,0,0,0,0,53
"ASV_1902",25,11,58,0,0,0,0,0,0,0
"ASV_1905",0,0,48,545,0,0,0,0,0,0
"ASV_1906",0,0,0,0,0,258,0,0,396,0
"ASV_1907",0,0,0,1417,0,0,0,0,0,0
"ASV_1908",36,0,1,47,0,0,41,8,0,0
"ASV_1918",0,0,0,0,0,258,51,9,214,25
"ASV_1923",76,3,24,417,0,0,0,18,0,0
"ASV_1924",0,0,78,0,0,0,0,0,0,0
"ASV_1927",0,0,0,0,0,0,0,31,169,0
"ASV_1932",108,0,18,213,63,0,0,0,13,0
"ASV_1936",77,7,51,0,0,0,0,0,0,0
"ASV_1938",70,10,43,0,50,0,0,3,0,0
"ASV_1948",0,0,0,1394,0,0,0,1,0,0
"ASV_1958",20,4,37,0,0,0,0,21,89,5
"ASV_1968",81,0,23,100,0,0,0,0,0,0
"ASV_1969",132,2,0,578,0,16,0,18,0,3
"ASV_1970",111,0,0,744,138,0,0,0,0,0
"ASV_1991",0,3,0,0,8,0,31,5,0,12
"ASV_1992",52,0,47,209,0,0,0,4,0,0
"ASV_1997",139,0,19,479,0,0,0,0,0,0
"ASV_2001",22,3,3,194,0,0,5,0,2,2
"ASV_2008",32,0,0,355,0,0,31,13,0,6
"ASV_2015",0,0,0,0,0,0,0,0,0,10
"ASV_2019",18,3,0,118,554,0,0,0,0,0
"ASV_2030",374,0,0,0,0,0,0,0,0,0
"ASV_2035",0,0,37,0,0,0,554,0,0,3
"ASV_2038",0,48,0,0,0,0,0,0,0,0
"ASV_2043",18,1,32,52,0,0,0,0,71,0
"ASV_2045",0,0,0,0,0,0,82,10,58,0
"ASV_2050",0,0,0,0,0,534,0,0,0,0
"ASV_2057",0,0,0,0,0,57,0,0,307,17
"ASV_2058",0,0,48,393,0,0,0,0,0,0
"ASV_2065",0,0,0,0,0,0,0,5,36,0
"ASV_2066",0,2,2,839,155,0,0,0,0,0
"ASV_2067",0,47,0,0,0,0,0,0,0,0
"ASV_2069",0,0,3,0,0,0,0,0,0,2
"ASV_2070",0,0,0,0,0,0,0,9,0,0
"ASV_2075",0,13,17,450,0,0,0,0,0,0
"ASV_2078",0,0,0,0,0,0,0,11,0,0
"ASV_2079",46,24,23,0,0,0,0,0,0,0
"ASV_2080",133,0,41,57,0,0,0,0,0,0
"ASV_2084",0,0,0,0,0,0,0,0,0,6
"ASV_2104",0,7,1,943,0,0,0,0,0,0
"ASV_2111",36,0,5,28,0,0,0,0,231,11
"ASV_2113",0,0,0,0,0,0,0,0,0,7
"ASV_2129",0,0,0,0,0,0,0,3,0,57
"ASV_2138",0,1,0,1104,0,0,0,0,0,0
"ASV_2140",0,0,0,0,0,386,0,0,0,0
"ASV_2141",0,0,0,0,0,0,0,0,0,94
"ASV_2142",0,0,0,0,0,0,0,21,0,0
"ASV_2144",0,0,0,0,0,141,0,0,0,0
"ASV_2146",0,0,20,204,0,0,0,0,20,0
"ASV_2149",0,0,45,0,0,0,0,0,0,0
"ASV_2153",49,14,10,417,0,0,0,0,0,0
"ASV_2157",0,0,0,0,0,0,0,31,0,0
"ASV_2159",140,0,1,521,0,0,0,0,0,0
"ASV_2171",0,5,0,0,0,0,0,0,0,0
"ASV_2175",144,0,4,502,0,0,0,4,0,0
"ASV_2176",39,0,38,0,0,0,0,0,0,0
"ASV_2182",0,0,0,38,0,0,31,64,7,14
"ASV_2186",102,0,0,811,0,0,0,0,0,0
"ASV_2187",0,0,0,1157,0,0,0,0,0,0
"ASV_2193",0,0,36,218,135,0,0,0,11,0
"ASV_2203",0,0,0,436,0,0,0,0,0,0
"ASV_2208",0,0,0,0,0,0,0,92,0,0
"ASV_2211",0,0,0,0,0,0,118,43,0,39
"ASV_2216",0,2,0,1057,0,0,0,0,0,0
"ASV_2217",139,0,3,502,0,0,0,0,0,0
"ASV_2224",0,0,0,0,0,0,169,0,263,21
"ASV_2238",36,0,18,474,48,0,0,0,0,0
"ASV_2239",0,0,0,0,0,0,0,90,0,0
"ASV_2240",0,0,0,0,0,0,0,40,292,0
"ASV_2257",24,0,3,730,0,0,0,0,0,0
"ASV_2261",0,0,12,0,0,0,0,34,0,20
"ASV_2262",11,28,0,100,0,0,0,16,0,0
"ASV_2264",0,0,0,1085,0,0,0,0,0,0
"ASV_2269",0,0,0,0,0,0,0,11,13,4
"ASV_2271",0,0,0,0,0,0,0,0,0,84
"ASV_2272",0,0,0,787,20,0,0,0,0,0
"ASV_2276",0,0,7,137,75,0,0,24,0,8
"ASV_2278",0,0,0,0,0,0,0,15,0,0
"ASV_2288",0,0,0,1071,0,0,0,0,0,0
"ASV_2289",0,0,0,0,0,0,0,0,0,83
"ASV_2297",0,0,0,43,0,0,0,0,0,16
"ASV_2299",0,0,0,0,0,0,0,0,0,7
"ASV_2302",0,0,0,62,0,0,0,61,0,0
"ASV_2303",0,0,0,0,0,81,0,23,0,49
"ASV_2315",59,0,19,512,0,0,0,0,0,0
"ASV_2318",0,0,0,43,0,0,0,3,0,0
"ASV_2324",36,0,38,190,0,0,0,0,16,0
"ASV_2325",0,0,0,0,0,0,0,84,0,0
"ASV_2330",0,0,53,0,0,0,0,0,0,0
"ASV_2331",29,0,0,417,0,0,0,0,0,0
"ASV_2337",0,0,0,0,0,0,0,0,0,64
"ASV_2338",0,0,0,0,0,0,0,49,149,0
"ASV_2345",0,0,0,0,0,0,0,0,0,10
"ASV_2346",250,0,0,175,0,0,0,0,0,0
"ASV_2347",0,7,2,223,303,0,0,0,0,0
"ASV_2355",0,37,0,0,0,0,0,0,0,0
"ASV_2366",0,0,0,0,0,0,0,0,0,6
"ASV_2388",84,0,38,0,0,0,0,0,0,0
"ASV_2392",34,19,4,275,0,0,0,0,0,0
"ASV_2402",10,0,0,782,58,0,0,3,11,0
"ASV_2406",0,31,2,52,0,0,0,0,0,0
"ASV_2414",0,0,0,0,0,0,0,0,381,0
"ASV_2418",25,0,41,0,0,0,0,6,0,0
"ASV_2419",45,0,0,128,0,0,97,0,73,0
"ASV_2422",0,0,52,0,0,0,0,0,0,0
"ASV_2432",55,0,0,716,0,0,0,0,0,0
"ASV_2456",0,0,0,0,0,44,0,0,0,0
"ASV_2457",0,0,12,0,0,0,0,0,0,0
"ASV_2464",0,0,0,0,0,0,0,13,231,22
"ASV_2472",0,0,0,0,0,0,0,0,0,54
"ASV_2473",0,0,5,0,0,0,0,0,0,0
"ASV_2479",0,5,0,806,0,0,0,0,0,0
"ASV_2480",0,0,0,0,0,0,0,35,0,38
"ASV_2488",0,0,0,0,0,0,0,0,0,55
"ASV_2489",226,0,0,0,0,0,0,13,0,0
"ASV_2494",0,0,0,133,0,0,0,0,0,0
"ASV_2502",0,0,0,0,0,498,0,0,0,0
"ASV_2504",0,0,0,0,0,0,0,36,0,37
"ASV_2508",0,0,3,0,0,0,56,14,9,0
"ASV_2511",0,0,27,0,0,0,0,0,0,0
"ASV_2512",0,0,14,664,0,0,0,0,0,0
"ASV_2521",13,0,0,0,0,0,0,24,20,0
"ASV_2522",269,0,0,0,0,0,0,0,0,0
"ASV_2527",43,0,0,706,0,0,0,4,0,0
"ASV_2528",0,0,11,701,0,0,0,0,0,0
"ASV_2529",0,0,0,801,55,0,0,0,0,0
"ASV_2533",88,11,0,0,0,0,0,0,0,0
"ASV_2534",101,16,6,0,0,0,0,0,0,0
"ASV_2545",7,1,3,28,0,0,195,2,0,0
"ASV_2547",0,0,0,891,0,0,0,0,0,0
"ASV_2557",39,0,0,630,0,0,0,0,0,3
"ASV_2561",121,0,11,0,0,0,0,0,0,0
"ASV_2572",0,0,0,0,0,0,0,24,0,39
"ASV_2573",237,0,0,0,0,0,0,0,0,6
"ASV_2579",65,10,14,0,0,0,36,0,0,0
"ASV_2581",0,0,0,0,0,104,0,55,0,0
"ASV_2587",160,6,0,0,0,0,0,14,0,0
"ASV_2596",0,0,9,417,68,0,0,0,0,0
"ASV_2598",29,0,0,0,0,0,0,0,0,0
"ASV_2599",0,0,0,863,0,0,0,0,0,0
"ASV_2610",0,0,0,858,0,0,0,0,0,0
"ASV_2622",100,6,13,95,0,0,0,0,0,0
"ASV_2623",11,0,0,441,165,0,0,0,0,5
"ASV_2627",0,0,0,834,0,0,0,0,0,0
"ASV_2628",0,0,0,0,0,0,661,10,9,7
"ASV_2633",0,2,10,0,0,0,0,0,0,0
"ASV_2641",0,0,0,0,0,130,0,0,0,22
"ASV_2642",81,0,24,0,0,0,0,10,0,0
"ASV_2651",13,6,32,38,0,0,0,0,0,0
"ASV_2657",0,0,27,123,0,0,0,0,0,0
"ASV_2660",0,0,0,0,0,0,0,4,0,2
"ASV_2664",0,0,0,0,0,0,0,67,0,0
"ASV_2675",0,0,5,0,0,0,0,0,0,0
"ASV_2679",0,3,0,0,0,0,0,0,171,0
"ASV_2680",0,0,0,0,0,0,0,0,0,64
"ASV_2687",0,0,36,0,0,0,0,0,0,0
"ASV_2689",0,0,44,0,0,0,0,0,0,0
"ASV_2690",0,0,0,815,0,0,0,0,0,0
"ASV_2701",0,0,18,284,0,0,0,5,16,0
"ASV_2703",0,0,4,0,0,115,0,39,0,0
"ASV_2704",0,7,25,114,0,0,0,3,0,0
"ASV_2710",20,0,0,114,0,0,0,0,0,0
"ASV_2711",0,29,0,0,0,0,0,0,0,0
"ASV_2717",0,0,2,85,0,0,0,0,0,0
"ASV_2721",0,0,0,507,0,0,0,0,0,0
"ASV_2722",0,0,9,299,0,0,0,0,0,0
"ASV_2725",0,0,0,142,0,0,0,0,0,0
"ASV_2728",130,0,0,0,35,0,0,0,29,17
"ASV_2729",57,0,0,597,0,0,0,0,0,0
"ASV_2730",0,11,0,479,0,0,0,0,0,0
"ASV_2736",0,0,0,668,0,0,0,0,0,0
"ASV_2738",0,0,0,0,0,0,267,5,13,0
"ASV_2740",0,0,0,0,0,0,0,33,147,0
"ASV_2742",0,0,0,0,0,0,0,0,0,25
"ASV_2750",231,0,0,0,0,0,0,0,0,0
"ASV_2755",70,6,11,114,0,0,0,0,0,0
"ASV_2760",0,0,5,692,0,0,0,0,0,0
"ASV_2761",0,0,1,683,0,0,0,6,0,0
"ASV_2762",0,0,0,0,0,0,0,0,0,61
"ASV_2774",50,0,0,0,0,0,0,0,223,10
"ASV_2780",0,0,10,337,0,0,0,0,0,0
"ASV_2782",0,0,0,0,0,0,0,13,0,0
"ASV_2793",42,0,19,0,0,0,0,0,0,1
"ASV_2795",0,0,41,0,0,0,0,0,0,0
"ASV_2801",45,0,17,0,0,0,0,0,0,0
"ASV_2811",0,0,0,0,0,412,0,0,0,0
"ASV_2816",13,0,0,43,0,0,0,5,0,0
"ASV_2817",0,8,0,0,0,0,0,0,0,0
"ASV_2825",220,0,0,0,0,0,0,0,0,0
"ASV_2835",0,0,0,0,0,0,0,0,0,57
"ASV_2838",0,0,0,739,0,0,0,0,0,0
"ASV_2844",4,0,0,0,0,0,97,2,27,3
"ASV_2847",0,0,35,0,0,0,0,0,0,0
"ASV_2861",0,0,0,0,0,16,0,0,0,21
"ASV_2871",0,0,0,0,0,0,0,0,0,45
"ASV_2873",0,0,5,635,0,0,0,0,0,0
"ASV_2888",0,0,0,716,0,0,0,0,0,0
"ASV_2889",0,0,0,716,0,0,0,0,0,0
"ASV_2900",0,0,0,0,0,0,0,0,334,0
"ASV_2911",42,0,5,256,0,0,0,0,0,0
"ASV_2916",0,0,5,0,0,167,0,0,0,0
"ASV_2923",0,3,17,0,0,0,0,0,0,0
"ASV_2935",0,0,3,57,0,0,92,27,33,4
"ASV_2937",0,4,16,275,0,0,0,0,0,0
"ASV_2939",205,0,0,0,0,0,0,0,0,0
"ASV_2947",0,0,37,0,0,0,0,0,0,0
"ASV_2955",88,0,0,0,0,0,0,0,134,8
"ASV_2956",0,0,0,0,0,0,0,55,0,0
"ASV_2969",21,0,7,5,110,0,0,1,11,0
"ASV_2970",3,0,1,14,193,0,0,0,29,0
"ASV_2971",132,0,0,218,0,0,0,0,0,0
"ASV_2973",0,0,14,76,50,0,0,0,0,0
"ASV_2990",0,5,13,62,0,0,0,0,0,0
"ASV_2992",0,0,37,0,0,0,0,0,0,0
"ASV_2993",0,0,37,0,0,0,0,0,0,0
"ASV_3001",0,0,0,0,0,0,0,0,0,20
"ASV_3002",0,0,0,0,0,0,0,0,0,26
"ASV_3006",43,0,7,0,0,0,0,0,0,0
"ASV_3028",0,0,0,0,0,0,0,47,0,0
"ASV_3029",32,17,5,0,0,0,0,0,0,0
"ASV_3034",0,1,0,47,0,0,0,0,0,0
"ASV_3046",0,0,0,0,0,0,0,3,0,4
"ASV_3048",0,0,3,104,0,0,0,14,0,0
"ASV_3064",0,0,29,66,0,0,0,0,0,0
"ASV_3070",0,23,0,0,0,0,0,0,0,0
"ASV_3072",0,17,9,0,0,0,0,0,0,0
"ASV_3073",0,0,0,640,0,0,0,0,0,0
"ASV_3090",0,0,0,0,0,349,0,0,0,0
"ASV_3102",125,0,1,0,0,0,51,0,13,0
"ASV_3105",0,0,9,265,0,0,0,0,0,0
"ASV_3107",0,0,0,0,0,0,0,20,0,0
"ASV_3110",0,3,0,536,0,0,0,0,0,0
"ASV_3111",0,0,34,0,0,0,0,0,0,0
"ASV_3117",0,0,0,0,0,0,0,8,0,0
"ASV_3129",0,0,0,232,0,0,0,0,0,0
"ASV_3131",0,0,0,0,0,0,0,0,0,8
"ASV_3132",35,0,0,507,0,0,0,0,0,0
"ASV_3133",0,0,0,0,331,0,0,0,0,0
"ASV_3138",21,6,6,175,0,0,0,0,0,0
"ASV_3148",0,0,0,0,0,0,0,43,42,0
"ASV_3151",28,0,0,393,0,0,0,0,0,0
"ASV_3154",27,0,25,0,0,0,0,0,0,0
"ASV_3155",45,9,0,228,0,0,0,0,0,0
"ASV_3156",0,0,0,616,0,0,0,0,0,0
"ASV_3166",0,0,0,0,50,0,0,0,0,0
"ASV_3172",0,0,33,0,0,0,0,0,0,0
"ASV_3187",0,0,20,0,0,0,0,0,0,0
"ASV_3190",0,0,0,0,0,0,0,0,0,6
"ASV_3191",0,0,0,0,0,0,0,10,0,14
"ASV_3192",0,4,19,142,0,0,0,0,0,0
"ASV_3202",0,0,33,0,0,0,0,0,0,0
"ASV_3203",0,0,5,351,83,0,0,0,0,0
"ASV_3218",36,2,0,0,0,0,92,22,27,0
"ASV_3219",0,4,0,479,0,0,0,0,0,0
"ASV_3227",36,0,0,0,0,0,0,0,0,0
"ASV_3235",0,3,7,137,43,0,62,0,9,0
"ASV_3236",116,0,3,137,0,0,0,0,0,0
"ASV_3237",91,5,0,161,0,0,0,0,0,0
"ASV_3238",0,0,0,592,0,0,0,0,0,0
"ASV_3239",0,0,0,592,0,0,0,0,0,0
"ASV_3245",32,0,2,0,0,0,0,0,0,0
"ASV_3250",8,8,0,190,55,0,0,1,0,0
"ASV_3251",0,1,28,47,0,0,0,0,0,0
"ASV_3252",0,0,8,0,0,0,0,26,51,0
"ASV_3253",0,0,4,0,150,0,56,14,0,0
"ASV_3254",0,0,0,588,0,0,0,0,0,0
"ASV_3272",36,0,10,0,0,0,0,5,0,0
"ASV_3276",133,0,1,104,0,0,0,0,0,0
"ASV_3277",118,7,0,0,0,0,0,0,0,0
"ASV_3278",0,0,0,578,0,0,0,0,0,0
"ASV_3281",0,0,17,0,0,31,0,0,0,2
"ASV_3283",22,0,0,0,0,0,0,0,0,0
"ASV_3284",0,0,12,0,0,0,0,0,0,18
"ASV_3285",66,8,8,0,0,0,0,0,0,0
"ASV_3286",0,1,3,502,0,0,0,0,0,0
"ASV_3287",0,0,31,0,0,0,0,0,0,0
"ASV_3288",0,0,10,398,0,0,0,0,0,0
"ASV_3300",133,0,0,0,0,0,0,0,0,0
"ASV_3301",0,0,31,0,0,0,0,0,0,0
"ASV_3302",0,0,31,0,0,0,0,0,0,0
"ASV_3312",0,0,0,0,0,96,0,0,0,0
"ASV_3313",0,0,0,564,0,0,0,0,0,0
"ASV_3314",0,0,0,0,0,0,251,0,0,26
"ASV_3324",0,0,0,0,0,0,0,0,0,32
"ASV_3325",49,0,21,0,0,0,0,0,0,0
"ASV_3326",0,0,0,559,0,0,0,0,0,0
"ASV_3344",8,0,23,33,38,0,0,0,0,0
"ASV_3350",31,0,0,171,0,0,0,0,0,0
"ASV_3352",39,0,7,204,0,0,0,0,0,1
"ASV_3360",18,2,9,85,0,0,0,0,0,0
"ASV_3362",11,17,0,0,0,0,51,0,0,0
"ASV_3363",0,0,0,507,23,0,0,0,0,0
"ASV_3372",13,0,23,0,0,0,0,0,0,0
"ASV_3374",149,0,0,0,0,0,0,0,0,0
"ASV_3376",161,0,0,0,0,0,0,0,0,0
"ASV_3377",0,1,15,232,0,0,0,0,0,0
"ASV_3378",0,0,30,0,0,0,0,0,0,0
"ASV_3379",0,0,29,0,8,0,0,0,0,0
"ASV_3380",0,0,16,0,130,0,0,0,0,0
"ASV_3387",0,0,0,0,0,0,0,6,0,5
"ASV_3390",45,0,0,389,0,0,0,0,0,0
"ASV_3400",0,0,0,0,0,0,0,0,158,4
"ASV_3402",0,0,8,0,0,0,0,29,0,0
"ASV_3403",0,0,0,0,0,0,333,0,107,0
"ASV_3426",0,0,0,0,0,0,56,5,0,31
"ASV_3433",0,0,0,299,0,0,0,0,0,0
"ASV_3445",6,1,18,147,0,0,0,0,0,0
"ASV_3446",0,0,0,0,0,0,0,0,0,41
"ASV_3457",0,0,2,0,0,34,0,0,91,0
"ASV_3461",0,16,1,43,0,0,0,0,0,0
"ASV_3465",43,0,14,114,0,0,0,0,0,0
"ASV_3466",0,0,0,521,0,0,0,0,0,0
"ASV_3479",93,0,2,109,18,0,26,0,0,0
"ASV_3480",0,0,0,0,0,0,0,0,243,0
"ASV_3498",13,0,17,0,0,0,0,0,0,0
"ASV_3499",0,0,0,0,0,0,0,5,0,35
"ASV_3518",0,0,0,0,0,0,77,17,0,6
"ASV_3525",14,3,0,337,0,0,0,0,0,0
"ASV_3532",0,0,25,0,0,0,0,0,0,0
"ASV_3536",91,0,2,57,40,0,0,2,0,0
"ASV_3537",0,0,0,0,0,0,0,0,236,0
"ASV_3558",0,0,9,190,58,0,0,0,0,0
"ASV_3561",111,0,5,0,0,0,0,0,0,2
"ASV_3562",17,5,4,213,0,0,0,2,0,0
"ASV_3579",0,7,0,0,0,0,0,0,122,0
"ASV_3581",0,0,0,0,0,55,0,25,0,0
"ASV_3582",105,0,0,137,0,0,0,0,0,0
"ASV_3583",0,0,27,0,0,0,0,0,0,0
"ASV_3584",0,0,27,0,0,0,0,0,0,0
"ASV_3594",0,1,0,393,0,26,0,0,0,0
"ASV_3607",144,0,0,0,0,0,0,0,0,0
"ASV_3608",86,0,0,199,0,0,0,0,0,0
"ASV_3609",14,0,6,0,175,0,0,0,0,0
"ASV_3615",0,0,0,0,0,0,0,0,27,7
"ASV_3624",0,0,0,0,0,0,0,0,0,27
"ASV_3625",0,0,0,0,0,0,0,0,114,0
"ASV_3626",0,0,0,0,0,70,0,11,22,7
"ASV_3628",0,0,0,483,0,0,0,0,0,0
"ASV_3644",0,0,0,0,0,29,0,10,11,9
"ASV_3649",57,0,11,0,0,0,97,0,0,0
"ASV_3650",0,0,0,479,0,0,0,0,0,0
"ASV_3651",0,0,0,0,0,0,0,0,0,37
"ASV_3663",25,0,15,0,0,0,0,0,0,0
"ASV_3665",0,0,0,0,0,0,0,15,0,0
"ASV_3668",0,0,0,0,0,143,0,11,0,0
"ASV_3669",0,0,0,474,0,0,0,0,0,0
"ASV_3679",0,0,19,0,0,0,0,6,0,0
"ASV_3681",46,0,0,0,0,0,0,0,0,0
"ASV_3686",0,1,5,0,0,0,0,0,0,0
"ASV_3709",17,0,0,71,0,0,0,0,0,0
"ASV_3714",0,15,0,0,0,0,0,0,0,0
"ASV_3718",0,0,2,0,0,0,0,3,0,14
"ASV_3719",136,0,0,0,0,0,0,0,0,0
"ASV_3720",0,0,10,284,0,0,0,0,0,0
"ASV_3733",27,0,0,0,0,0,0,0,0,0
"ASV_3744",0,0,0,0,0,0,0,3,71,6
"ASV_3745",0,0,0,0,0,0,0,0,0,34
"ASV_3746",32,3,6,156,0,0,0,0,0,0
"ASV_3747",0,0,25,0,0,0,0,0,0,0
"ASV_3748",0,0,0,0,0,0,0,0,0,35
"ASV_3761",0,0,0,431,0,0,0,0,0,0
"ASV_3762",7,0,9,0,0,0,0,0,0,0
"ASV_3765",0,0,1,81,0,0,0,0,0,0
"ASV_3770",0,7,0,166,35,0,0,0,0,0
"ASV_3771",0,0,25,0,0,0,0,0,0,0
"ASV_3772",0,0,25,0,0,0,0,0,0,0
"ASV_3773",0,0,0,450,0,0,0,0,0,0
"ASV_3781",24,0,0,0,0,0,0,0,0,0
"ASV_3788",22,0,1,9,0,0,0,0,4,0
"ASV_3792",22,0,11,0,40,0,0,0,0,0
"ASV_3794",27,0,11,161,0,0,0,0,0,0
"ASV_3795",0,0,2,228,100,0,0,0,0,0
"ASV_3809",0,0,0,398,0,0,0,0,0,0
"ASV_3814",0,0,14,0,0,0,0,0,0,0
"ASV_3818",0,0,0,0,0,0,0,26,0,0
"ASV_3822",0,0,0,441,0,0,0,0,0,0
"ASV_3831",0,0,0,156,0,0,0,0,0,0
"ASV_3842",0,1,0,280,70,0,0,0,0,0
"ASV_3861",21,0,3,95,0,0,0,0,0,0
"ASV_3871",13,0,0,365,0,0,0,0,0,0
"ASV_3876",0,0,12,0,0,0,0,0,0,0
"ASV_3877",35,0,0,66,0,0,46,0,0,0
"ASV_3882",0,16,0,0,0,0,0,0,0,0
"ASV_3883",0,2,0,322,0,0,0,5,0,0
"ASV_3884",0,0,0,0,0,0,0,0,0,7
"ASV_3898",0,0,19,0,0,0,0,0,0,0
"ASV_3906",0,0,0,0,0,0,0,0,0,8
"ASV_3907",13,4,0,270,0,0,0,0,0,0
"ASV_3908",0,0,21,0,0,0,0,0,16,0
"ASV_3909",0,0,0,422,0,0,0,0,0,0
"ASV_3910",0,0,0,137,150,0,0,0,0,0
"ASV_3911",0,0,0,0,0,60,0,0,0,24
"ASV_3912",0,0,0,0,0,0,0,24,56,0
"ASV_3929",0,0,0,417,0,0,0,0,0,0
"ASV_3948",0,0,0,95,0,0,0,0,0,0
"ASV_3950",0,0,2,332,0,0,0,0,0,0
"ASV_3951",122,0,0,0,0,0,0,0,0,0
"ASV_3952",0,1,0,374,0,0,0,0,0,0
"ASV_3953",0,0,15,0,75,0,0,0,0,0
"ASV_3954",0,0,0,0,0,0,0,0,0,32
"ASV_3963",0,0,2,0,0,0,0,0,0,25
"ASV_3977",0,0,11,0,0,0,0,0,0,0
"ASV_3979",39,0,2,43,78,0,0,4,0,0
"ASV_3980",0,0,22,0,0,0,0,0,0,0
"ASV_3981",0,0,21,0,0,0,0,0,0,0
"ASV_3983",0,0,0,408,0,0,0,0,0,0
"ASV_3988",0,0,15,0,0,0,0,0,0,0
"ASV_3995",7,0,12,133,0,0,0,0,0,0
"ASV_4001",0,11,0,0,0,0,0,0,0,0
"ASV_4003",119,0,0,0,0,0,0,0,0,0
"ASV_4004",0,0,22,0,0,0,0,0,0,0
"ASV_4005",0,0,19,0,33,0,0,0,0,0
"ASV_4028",0,0,0,0,0,0,62,0,0,8
"ASV_4030",0,0,22,0,0,0,0,0,0,0
"ASV_4059",0,0,9,0,0,0,0,8,45,0
"ASV_4063",0,14,0,0,0,0,0,0,0,0
"ASV_4064",0,0,0,161,123,0,0,0,0,0
"ASV_4065",0,0,0,0,0,0,0,0,185,0
"ASV_4066",0,0,0,0,0,0,0,0,0,31
"ASV_4071",0,0,3,299,0,0,0,0,0,0
"ASV_4078",0,0,13,0,50,0,0,0,0,0
"ASV_4085",97,0,1,47,0,0,0,0,0,0
"ASV_4086",0,1,13,118,0,0,0,0,0,0
"ASV_4087",0,0,0,389,0,0,0,0,0,0
"ASV_4104",0,0,13,0,0,0,0,0,0,0
"ASV_4107",0,0,0,360,0,0,0,0,0,0
"ASV_4112",42,0,0,0,0,0,0,0,0,19
"ASV_4113",31,0,14,28,0,0,0,0,0,0
"ASV_4114",28,0,0,289,0,0,0,0,0,0
"ASV_4115",0,0,21,0,0,0,0,0,0,0
"ASV_4116",0,0,0,0,0,0,0,0,0,30
"ASV_4130",0,0,0,0,0,0,0,0,0,23
"ASV_4138",0,0,0,0,0,0,0,0,0,7
"ASV_4139",0,0,0,0,0,0,0,0,0,11
"ASV_4144",0,7,10,0,0,0,0,0,0,0
"ASV_4145",0,5,0,251,0,0,0,0,0,0
"ASV_4146",0,0,21,0,0,0,0,0,0,0
"ASV_4170",0,0,0,147,0,0,0,18,0,0
"ASV_4171",0,0,0,0,0,0,0,30,0,0
"ASV_4177",0,0,5,0,0,0,0,0,0,0
"ASV_4190",43,0,0,85,0,0,0,0,0,0
"ASV_4199",0,0,0,0,0,0,0,8,0,21
"ASV_4205",0,0,0,355,0,0,0,0,0,0
"ASV_4206",0,0,0,43,0,0,0,13,0,0
"ASV_4224",0,0,20,0,0,0,0,0,0,0
"ASV_4225",0,0,20,0,0,0,0,0,0,0
"ASV_4234",0,0,7,156,10,0,0,0,0,0
"ASV_4243",0,0,0,0,0,0,0,17,0,0
"ASV_4244",0,0,19,0,0,0,0,0,0,0
"ASV_4245",107,0,0,0,0,0,0,0,0,0
"ASV_4246",0,0,15,0,45,0,0,0,0,0
"ASV_4247",0,0,7,232,0,0,0,0,0,0
"ASV_4248",0,0,4,289,0,0,0,0,0,0
"ASV_4249",0,0,0,360,0,0,0,0,0,0
"ASV_4250",0,0,0,0,0,0,0,0,0,28
"ASV_4259",0,0,0,289,0,0,0,0,0,0
"ASV_4271",0,0,0,0,0,0,0,16,0,0
"ASV_4279",0,0,0,270,0,0,0,0,0,0
"ASV_4298",14,7,6,0,0,0,0,0,0,0
"ASV_4332",102,0,0,0,0,0,0,0,0,0
"ASV_4333",0,9,2,57,0,0,0,0,0,0
"ASV_4334",0,2,10,71,0,0,0,0,20,0
"ASV_4335",0,0,0,0,0,0,0,28,0,0
"ASV_4343",6,0,0,57,0,0,0,0,0,0
"ASV_4351",31,0,0,237,0,0,0,0,0,0
"ASV_4352",0,0,19,0,0,0,0,0,0,0
"ASV_4353",0,0,0,0,0,0,0,7,0,20
"ASV_4365",0,0,14,0,0,0,0,0,0,0
"ASV_4378",0,3,4,128,0,0,0,0,0,0
"ASV_4379",0,0,18,0,0,0,0,0,0,0
"ASV_4383",27,4,6,0,0,0,0,0,0,0
"ASV_4394",0,0,0,0,0,0,0,0,0,8
"ASV_4396",100,0,0,0,0,0,0,0,0,0
"ASV_4397",0,0,3,0,0,0,0,14,49,0
"ASV_4398",0,0,0,337,0,0,0,0,0,0
"ASV_4399",0,0,0,337,0,0,0,0,0,0
"ASV_4400",0,0,0,337,0,0,0,0,0,0
"ASV_4401",0,0,0,0,0,0,0,27,0,0
"ASV_4402",0,0,0,0,0,0,0,0,158,0
"ASV_4424",0,0,0,0,0,0,0,0,0,18
"ASV_4426",81,0,0,0,0,0,0,0,0,0
"ASV_4428",15,0,0,280,0,0,0,0,0,0
"ASV_4429",0,1,0,256,20,0,0,0,0,0
"ASV_4445",0,0,0,100,0,0,0,0,0,0
"ASV_4453",0,0,0,185,68,0,0,0,0,0
"ASV_4454",0,0,2,299,0,0,0,0,0,0
"ASV_4455",0,0,0,327,0,0,0,0,0,0
"ASV_4456",0,0,0,327,0,0,0,0,0,0
"ASV_4457",0,0,0,327,0,0,0,0,0,0
"ASV_4458",0,0,0,0,0,0,0,13,0,13
"ASV_4470",72,0,0,0,0,0,0,0,0,0
"ASV_4482",0,0,11,66,0,0,0,0,0,0
"ASV_4485",0,0,8,0,0,0,0,11,0,0
"ASV_4500",15,9,2,0,0,0,0,0,0,0
"ASV_4501",0,0,6,152,0,0,0,0,0,0
"ASV_4502",0,0,0,322,0,0,0,0,0,0
"ASV_4503",0,0,0,0,0,0,0,26,0,0
"ASV_4516",0,0,0,0,0,0,72,9,0,4
"ASV_4529",94,0,0,0,0,0,0,0,0,0
"ASV_4530",0,6,0,0,0,0,0,0,73,0
"ASV_4532",0,0,0,0,0,0,0,0,0,25
"ASV_4565",0,0,17,0,0,0,0,0,0,0
"ASV_4566",0,0,0,313,0,0,0,0,0,0
"ASV_4592",0,0,14,24,0,0,0,0,0,0
"ASV_4594",0,0,17,0,0,0,0,0,0,0
"ASV_4595",0,0,10,0,0,0,0,10,0,0
"ASV_4630",24,0,0,0,118,0,0,0,0,0
"ASV_4631",0,0,17,0,0,0,0,0,0,0
"ASV_4632",0,0,0,303,0,0,0,0,0,0
"ASV_4634",0,0,0,156,0,0,0,0,0,0
"ASV_4635",0,0,0,0,0,0,0,24,0,0
"ASV_4671",88,0,0,0,0,0,0,0,0,0
"ASV_4672",15,0,0,0,0,0,31,16,11,0
"ASV_4673",0,0,16,0,0,0,0,0,0,0
"ASV_4674",0,0,16,0,0,0,0,0,0,0
"ASV_4675",0,0,0,0,0,0,0,0,140,0
"ASV_4676",0,0,0,0,0,0,0,0,0,23
"ASV_4688",0,0,1,0,0,0,123,0,0,0
"ASV_4706",0,0,1,280,0,0,0,0,0,0
"ASV_4707",0,0,0,294,0,0,0,0,0,0
"ASV_4708",0,0,0,0,0,0,0,0,0,23
"ASV_4748",0,0,0,289,0,0,0,0,0,0
"ASV_4749",0,0,0,289,0,0,0,0,0,0
"ASV_4750",0,0,0,0,0,0,0,0,0,23
"ASV_4751",0,0,0,0,0,0,0,0,0,23
"ASV_4762",0,0,6,0,0,0,0,0,0,0
"ASV_4784",0,1,0,76,0,0,0,0,0,0
"ASV_4785",0,0,5,0,0,0,0,0,0,3
"ASV_4786",0,0,0,0,0,0,0,0,0,7
"ASV_4788",0,2,0,0,0,0,0,0,67,0
"ASV_4793",84,0,0,0,0,0,0,0,0,0
"ASV_4795",84,0,0,0,0,0,0,0,0,0
"ASV_4796",84,0,0,0,0,0,0,0,0,0
"ASV_4797",25,0,5,104,0,0,0,0,0,0
"ASV_4798",0,0,15,0,0,0,0,0,0,0
"ASV_4799",0,0,15,0,0,0,0,0,0,0
"ASV_4800",0,0,13,0,0,0,0,0,0,3
"ASV_4801",0,0,9,0,68,0,0,0,0,0
"ASV_4802",0,0,4,57,78,0,0,0,0,0
"ASV_4803",0,0,0,0,0,0,0,23,0,0
"ASV_4832",14,0,0,52,0,0,0,0,65,0
"ASV_4837",0,0,0,0,0,0,0,0,114,0
"ASV_4841",83,0,0,0,0,0,0,0,0,0
"ASV_4842",0,10,0,0,0,0,0,0,0,0
"ASV_4843",0,0,15,0,0,0,0,0,0,0
"ASV_4844",0,0,0,280,0,0,0,0,0,0
"ASV_4845",0,0,0,280,0,0,0,0,0,0
"ASV_4846",0,0,0,0,0,0,0,0,76,9
"ASV_4859",0,0,0,171,0,0,0,0,0,0
"ASV_4884",81,0,0,0,0,0,0,0,0,0
"ASV_4885",0,3,0,204,0,0,0,0,0,0
"ASV_4886",0,2,2,5,0,0,0,14,0,0
"ASV_4887",0,0,15,0,0,0,0,0,0,0
"ASV_4888",0,0,11,47,0,0,0,0,11,0
"ASV_4889",0,0,2,232,0,0,0,0,0,0
"ASV_4890",0,0,0,0,0,0,87,0,91,0
"ASV_4891",0,0,0,0,0,0,0,0,129,0
"ASV_4892",0,0,0,0,0,0,0,0,0,21
"ASV_4938",52,2,0,0,0,0,0,0,0,0
"ASV_4942",0,0,1,0,0,0,0,12,0,0
"ASV_4945",0,0,15,0,0,0,0,0,0,0
"ASV_4946",0,0,15,0,0,0,0,0,0,0
"ASV_4947",0,0,0,270,0,0,0,0,0,0
"ASV_4948",0,0,0,270,0,0,0,0,0,0
"ASV_4949",0,0,0,270,0,0,0,0,0,0
"ASV_4950",0,0,0,0,0,29,0,11,36,0
"ASV_4979",0,1,12,0,0,0,0,0,0,0
"ASV_4995",0,0,13,0,0,0,0,0,0,0
"ASV_5001",55,1,2,0,0,0,0,0,0,0
"ASV_5002",0,0,14,0,0,0,0,0,0,0
"ASV_5003",0,0,0,265,0,0,0,0,0,0
"ASV_5004",0,0,0,0,0,146,0,0,0,0
"ASV_5005",0,0,0,0,0,146,0,0,0,0
"ASV_5006",0,0,0,0,0,0,123,0,71,0
"ASV_5007",0,0,0,0,0,0,92,0,85,0
"ASV_5008",0,0,0,0,0,0,0,21,0,0
"ASV_5017",0,0,0,95,0,0,0,0,0,2
"ASV_5032",0,0,0,171,0,0,0,0,0,0
"ASV_5040",0,0,0,0,0,0,0,0,0,8
"ASV_5044",0,0,9,0,0,0,0,0,0,0
"ASV_5048",0,10,0,0,0,0,0,0,0,0
"ASV_5049",0,0,14,0,0,0,0,0,0,0
"ASV_5050",0,0,0,261,0,0,0,0,0,0
"ASV_5051",0,0,0,0,0,0,0,21,0,0
"ASV_5052",0,0,0,0,0,0,0,0,122,0
"ASV_5101",0,9,0,0,0,0,0,0,0,2
"ASV_5102",0,3,2,128,0,0,0,0,0,0
"ASV_5114",10,0,0,104,0,0,0,0,0,0
"ASV_5128",0,0,7,0,0,0,0,0,0,0
"ASV_5141",0,0,0,0,0,0,0,0,0,15
"ASV_5142",0,0,0,0,0,0,0,0,78,0
"ASV_5146",0,0,0,0,0,0,0,8,18,0
"ASV_5148",46,0,4,0,0,0,0,0,0,0
"ASV_5149",0,0,0,251,0,0,0,0,0,0
"ASV_5150",0,0,0,251,0,0,0,0,0,0
"ASV_5151",0,0,0,0,0,0,0,5,0,15
"ASV_5152",0,0,0,0,0,0,0,0,118,0
"ASV_5153",0,0,0,0,0,0,0,0,0,20
"ASV_5188",0,0,5,0,0,0,0,0,0,0
"ASV_5194",0,3,6,57,0,0,0,0,0,0
"ASV_5195",0,0,13,0,0,0,0,0,0,0
"ASV_5196",0,0,2,204,0,0,0,0,0,0
"ASV_5197",0,0,0,0,0,0,0,20,0,0
"ASV_5198",0,0,0,0,0,0,0,0,0,19
"ASV_5217",0,0,0,228,0,0,0,0,0,0
"ASV_5219",6,0,0,114,0,0,0,0,0,0
"ASV_5236",8,0,0,152,0,0,0,0,0,0
"ASV_5251",32,0,0,0,0,0,144,0,0,0
"ASV_5252",22,0,0,118,25,0,0,0,0,0
"ASV_5253",0,0,9,71,0,0,0,0,0,0
"ASV_5254",0,0,0,242,0,0,0,0,0,0
"ASV_5255",0,0,0,0,0,0,0,19,0,0
"ASV_5294",70,0,0,0,0,0,0,0,0,0
"ASV_5295",70,0,0,0,0,0,0,0,0,0
"ASV_5296",34,0,3,62,0,0,0,0,0,0
"ASV_5297",0,0,12,0,0,0,0,0,0,0
"ASV_5298",0,0,13,0,0,0,0,0,0,0
"ASV_5299",0,0,13,0,0,0,0,0,0,0
"ASV_5300",0,0,0,237,0,0,0,0,0,0
"ASV_5301",0,0,0,0,125,0,0,0,0,0
"ASV_5302",0,0,0,0,0,130,0,0,0,0
"ASV_5303",0,0,0,0,0,0,0,0,0,18
"ASV_5309",0,0,0,0,110,0,0,0,0,0
"ASV_5348",39,0,0,0,0,0,0,0,0,0
"ASV_5352",24,0,0,152,0,0,0,0,0,0
"ASV_5353",0,2,9,0,0,0,0,0,0,0
"ASV_5354",0,0,0,232,0,0,0,0,0,0
"ASV_5355",0,0,0,204,0,0,0,0,13,0
"ASV_5399",0,0,0,0,0,0,0,6,0,4
"ASV_5407",31,0,7,0,0,0,0,0,0,0
"ASV_5408",0,0,4,133,0,0,0,0,0,1
"ASV_5424",0,0,1,62,0,0,0,0,0,0
"ASV_5425",0,0,0,109,23,0,0,2,7,0
"ASV_5439",0,0,0,0,0,0,0,0,73,0
"ASV_5467",48,2,0,0,0,0,0,0,0,0
"ASV_5468",22,2,0,95,0,0,0,0,0,0
"ASV_5469",22,0,0,147,0,0,0,0,0,0
"ASV_5470",15,0,2,128,0,0,0,0,0,0
"ASV_5471",0,2,0,52,68,0,0,0,0,0
"ASV_5472",0,0,12,0,0,0,0,0,0,0
"ASV_5473",0,0,0,223,0,0,0,0,0,0
"ASV_5474",0,0,0,223,0,0,0,0,0,0
"ASV_5505",21,0,6,0,0,0,0,0,0,0
"ASV_5528",0,0,0,0,0,0,0,13,0,0
"ASV_5530",0,5,0,76,0,0,0,0,0,0
"ASV_5531",0,0,12,0,0,0,0,0,0,0
"ASV_5532",0,0,0,218,0,0,0,0,0,0
"ASV_5533",0,0,0,218,0,0,0,0,0,0
"ASV_5534",0,0,0,218,0,0,0,0,0,0
"ASV_5535",0,0,0,218,0,0,0,0,0,0
"ASV_5548",24,0,5,24,0,0,0,0,0,0
"ASV_5577",15,2,0,0,0,0,0,0,0,0
"ASV_5581",0,0,0,0,0,0,0,0,82,0
"ASV_5591",0,0,12,0,0,0,0,0,0,0
"ASV_5592",0,0,6,109,0,0,0,0,0,0
"ASV_5593",0,0,0,213,0,0,0,0,0,0
"ASV_5594",0,0,0,213,0,0,0,0,0,0
"ASV_5595",0,0,0,213,0,0,0,0,0,0
"ASV_5627",0,4,0,85,0,0,0,0,0,0
"ASV_5628",0,0,1,0,0,0,0,11,0,0
"ASV_5637",43,0,0,0,0,0,46,0,0,0
"ASV_5646",0,0,0,0,0,18,0,10,0,0
"ASV_5649",62,0,0,0,0,0,0,0,0,0
"ASV_5650",53,0,2,0,0,0,0,0,0,0
"ASV_5651",0,8,0,0,0,0,0,0,0,0
"ASV_5652",0,0,4,100,0,0,0,0,0,0
"ASV_5653",0,0,3,161,0,0,0,0,0,0
"ASV_5654",0,0,0,209,0,0,0,0,0,0
"ASV_5655",0,0,0,209,0,0,0,0,0,0
"ASV_5656",0,0,0,0,0,0,0,0,0,16
"ASV_5678",17,3,0,43,0,0,0,0,0,0
"ASV_5694",0,7,0,0,0,0,0,0,0,0
"ASV_5711",0,0,0,0,0,0,0,6,0,0
"ASV_5714",49,0,2,0,0,0,0,0,0,0
"ASV_5715",41,0,4,0,0,0,0,0,0,0
"ASV_5716",18,0,0,142,0,0,0,0,0,0
"ASV_5717",0,1,10,0,0,0,0,0,0,0
"ASV_5718",0,0,11,0,0,0,0,0,0,0
"ASV_5730",13,0,7,0,0,0,0,0,0,0
"ASV_5737",0,5,0,0,0,0,0,0,0,0
"ASV_5770",0,0,0,0,58,0,41,0,0,0
"ASV_5777",0,0,0,0,0,0,0,0,0,6
"ASV_5783",59,0,0,0,0,0,0,0,0,0
"ASV_5784",0,5,3,0,0,0,0,0,0,0
"ASV_5785",0,0,11,0,0,0,0,0,0,0
"ASV_5786",0,0,9,0,20,0,0,0,0,0
"ASV_5787",0,0,0,199,0,0,0,0,0,0
"ASV_5788",0,0,0,133,35,0,0,0,0,0
"ASV_5789",0,0,0,0,0,0,0,7,0,9
"ASV_5806",0,0,5,0,0,0,0,0,0,0
"ASV_5830",22,0,0,0,0,0,0,2,0,0
"ASV_5865",57,0,0,0,0,0,0,0,0,0
"ASV_5866",35,0,4,0,0,0,0,0,0,0
"ASV_5867",0,7,0,0,0,0,0,0,0,0
"ASV_5868",0,0,11,0,0,0,0,0,0,0
"ASV_5869",0,0,3,0,0,0,0,11,0,0
"ASV_5870",0,0,0,194,0,0,0,0,0,0
"ASV_5871",0,0,0,194,0,0,0,0,0,0
"ASV_5872",0,0,0,194,0,0,0,0,0,0
"ASV_5873",0,0,0,194,0,0,0,0,0,0
"ASV_5874",0,0,0,194,0,0,0,0,0,0
"ASV_5876",0,0,0,0,0,0,0,6,0,9
"ASV_5894",14,0,0,114,0,0,0,0,0,0
"ASV_5953",0,0,0,0,0,0,0,0,73,0
"ASV_5956",0,2,7,0,0,0,0,0,0,0
"ASV_5957",0,0,0,190,0,0,0,0,0,0
"ASV_5958",0,0,0,123,0,0,0,5,0,0
"ASV_5959",0,0,0,0,0,70,0,0,0,5
"ASV_5960",0,0,0,0,0,0,205,0,0,0
"ASV_5967",0,0,3,0,0,0,0,6,0,0
"ASV_5975",24,0,0,66,0,0,0,0,0,0
"ASV_5976",0,0,0,0,0,10,26,0,13,0
"ASV_5981",0,0,0,171,0,0,0,0,0,0
"ASV_6001",0,0,0,114,0,0,0,0,0,3
"ASV_6034",42,0,0,43,0,0,0,0,0,0
"ASV_6035",0,3,5,0,0,0,0,0,0,0
"ASV_6036",0,0,10,0,0,0,0,0,0,0
"ASV_6037",0,0,0,185,0,0,0,0,0,0
"ASV_6081",11,0,0,43,0,0,0,0,0,0
"ASV_6092",0,0,0,133,0,0,0,0,0,0
"ASV_6121",0,0,0,137,0,0,0,0,0,0
"ASV_6131",0,0,0,0,0,0,0,0,53,0
"ASV_6138",53,0,0,0,0,0,0,0,0,0
"ASV_6139",53,0,0,0,0,0,0,0,0,0
"ASV_6140",36,0,0,57,0,0,0,0,0,0
"ASV_6141",22,4,0,0,0,0,0,0,0,0
"ASV_6142",8,0,0,152,0,0,0,0,0,0
"ASV_6143",0,0,10,0,0,0,0,0,0,0
"ASV_6144",0,0,0,180,0,0,0,0,0,0
"ASV_6145",0,0,0,180,0,0,0,0,0,0
"ASV_6146",0,0,0,180,0,0,0,0,0,0
"ASV_6147",0,0,0,180,0,0,0,0,0,0
"ASV_6148",0,0,0,0,95,0,0,0,0,0
"ASV_6149",0,0,0,0,95,0,0,0,0,0
"ASV_6150",0,0,0,0,58,0,77,0,0,0
"ASV_6151",0,0,0,0,0,99,0,0,0,0
"ASV_6169",0,0,0,0,0,0,0,0,0,12
"ASV_6218",0,0,8,0,0,0,0,0,0,0
"ASV_6221",52,0,0,0,0,0,0,0,0,0
"ASV_6222",52,0,0,0,0,0,0,0,0,0
"ASV_6223",42,0,0,33,0,0,0,0,0,0
"ASV_6224",0,0,10,0,0,0,0,0,0,0
"ASV_6225",0,0,10,0,0,0,0,0,0,0
"ASV_6226",0,0,10,0,0,0,0,0,0,0
"ASV_6227",0,0,10,0,0,0,0,0,0,0
"ASV_6228",0,0,6,71,0,0,0,0,0,0
"ASV_6229",0,0,0,175,0,0,0,0,0,0
"ASV_6230",0,0,0,0,0,96,0,0,0,0
"ASV_6231",0,0,0,0,0,0,0,0,0,14
"ASV_6250",0,0,0,109,0,0,0,0,0,0
"ASV_6258",0,0,1,0,73,0,0,0,0,0
"ASV_6315",50,0,0,0,0,0,0,0,0,0
"ASV_6316",0,0,9,0,0,0,0,0,0,0
"ASV_6317",0,0,9,0,0,0,0,0,0,0
"ASV_6318",0,0,9,0,0,0,0,0,0,0
"ASV_6319",0,0,0,171,0,0,0,0,0,0
"ASV_6320",0,0,0,171,0,0,0,0,0,0
"ASV_6321",0,0,0,171,0,0,0,0,0,0
"ASV_6322",0,0,0,171,0,0,0,0,0,0
"ASV_6323",0,0,0,171,0,0,0,0,0,0
"ASV_6324",0,0,0,171,0,0,0,0,0,0
"ASV_6325",0,0,0,114,0,0,0,5,0,0
"ASV_6326",0,0,0,76,50,0,0,0,0,0
"ASV_6327",0,0,0,0,0,0,0,0,0,13
"ASV_6328",0,0,0,0,0,0,0,0,0,13
"ASV_6372",34,0,0,0,0,0,0,0,0,0
"ASV_6393",0,0,0,0,0,52,0,0,0,0
"ASV_6417",32,2,0,0,0,0,0,0,0,0
"ASV_6418",18,4,0,0,0,0,0,0,0,0
"ASV_6419",0,6,0,0,0,0,0,0,0,0
"ASV_6420",0,2,0,100,0,0,0,0,0,0
"ASV_6421",0,0,9,0,0,0,0,0,0,0
"ASV_6422",0,0,6,62,0,0,0,0,0,0
"ASV_6423",0,0,0,166,0,0,0,0,0,0
"ASV_6424",0,0,0,166,0,0,0,0,0,0
"ASV_6425",0,0,0,0,0,0,0,13,0,0
"ASV_6426",0,0,0,0,0,0,0,0,78,0
"ASV_6427",0,0,0,0,0,0,0,0,0,13
"ASV_6499",0,0,0,90,0,0,0,0,0,0
"ASV_6507",0,0,4,0,0,0,0,0,0,0
"ASV_6513",48,0,0,0,0,0,0,0,0,0
"ASV_6514",48,0,0,0,0,0,0,0,0,0
"ASV_6515",32,0,3,0,0,0,0,0,0,0
"ASV_6516",25,3,0,0,0,0,0,0,0,0
"ASV_6518",0,0,9,0,0,0,0,0,0,0
"ASV_6519",0,0,3,104,0,0,0,0,0,0
"ASV_6520",0,0,1,142,0,0,0,0,0,0
"ASV_6521",0,0,0,161,0,0,0,0,0,0
"ASV_6524",0,0,0,0,0,0,0,13,0,0
"ASV_6525",0,0,0,0,0,0,0,0,76,0
"ASV_6542",24,0,0,0,0,0,0,0,0,0
"ASV_6571",0,0,6,0,0,0,0,0,0,0
"ASV_6607",14,3,0,0,15,0,0,0,0,0
"ASV_6608",13,0,0,0,0,0,0,0,53,0
"ASV_6609",0,6,0,0,0,0,0,0,0,0
"ASV_6610",0,0,9,0,0,0,0,0,0,0
"ASV_6611",0,0,0,156,0,0,0,0,0,0
"ASV_6612",0,0,0,156,0,0,0,0,0,0
"ASV_6613",0,0,0,156,0,0,0,0,0,0
"ASV_6614",0,0,0,156,0,0,0,0,0,0
"ASV_6615",0,0,0,156,0,0,0,0,0,0
"ASV_6616",0,0,0,156,0,0,0,0,0,0
"ASV_6617",0,0,0,156,0,0,0,0,0,0
"ASV_6621",0,0,0,0,0,0,0,13,0,0
"ASV_6622",0,0,0,0,0,0,0,0,29,7
"ASV_6623",0,0,0,0,0,0,0,0,9,11
"ASV_6647",0,0,0,100,0,0,0,0,0,0
"ASV_6700",0,0,0,0,0,0,0,0,0,7
"ASV_6711",0,0,0,0,0,0,0,1,33,0
"ASV_6717",45,0,0,0,0,0,0,0,0,0
"ASV_6718",34,0,2,5,0,0,0,0,0,0
"ASV_6719",0,6,0,0,0,0,0,0,0,0
"ASV_6720",0,3,0,0,0,0,0,6,0,0
"ASV_6721",0,0,8,0,0,0,0,0,0,0
"ASV_6722",0,0,8,0,0,0,0,0,0,0
"ASV_6723",0,0,8,0,0,0,0,0,0,0
"ASV_6724",0,0,8,0,0,0,0,0,0,0
"ASV_6725",0,0,6,0,0,0,0,3,0,0
"ASV_6726",0,0,0,152,0,0,0,0,0,0
"ASV_6727",0,0,0,152,0,0,0,0,0,0
"ASV_6728",0,0,0,118,18,0,0,0,0,0
"ASV_6730",0,0,0,0,0,0,103,0,0,4
"ASV_6731",0,0,0,0,0,0,0,0,0,12
"ASV_6782",0,0,5,33,0,0,0,0,0,0
"ASV_6796",21,0,0,0,0,0,0,0,0,0
"ASV_6829",0,0,0,0,0,0,0,8,0,0
"ASV_6837",43,0,0,0,0,0,0,0,0,0
"ASV_6838",43,0,0,0,0,0,0,0,0,0
"ASV_6839",13,0,6,0,0,0,0,0,0,0
"ASV_6840",0,2,0,47,0,0,0,3,0,0
"ASV_6841",0,0,8,0,0,0,0,0,0,0
"ASV_6842",0,0,8,0,0,0,0,0,0,0
"ASV_6843",0,0,4,0,0,0,0,0,31,0
"ASV_6844",0,0,0,147,0,0,0,0,0,0
"ASV_6845",0,0,0,118,0,0,0,2,0,0
"ASV_6846",0,0,0,0,0,0,0,12,0,0
"ASV_6940",0,0,8,0,0,0,0,0,0,0
"ASV_6941",0,0,8,0,0,0,0,0,0,0
"ASV_6942",0,0,8,0,0,0,0,0,0,0
"ASV_6943",0,0,0,142,0,0,0,0,0,0
"ASV_6944",0,0,0,142,0,0,0,0,0,0
"ASV_6945",0,0,0,142,0,0,0,0,0,0
"ASV_6946",0,0,0,142,0,0,0,0,0,0
"ASV_6947",0,0,0,142,0,0,0,0,0,0
"ASV_6949",0,0,0,0,0,0,0,11,0,0
"ASV_6950",0,0,0,0,0,0,0,11,0,0
"ASV_7054",41,0,0,0,0,0,0,0,0,0
"ASV_7055",0,5,0,0,0,0,0,0,0,0
"ASV_7056",0,3,0,43,0,0,0,0,0,0
"ASV_7057",0,0,7,0,0,0,0,0,0,0
"ASV_7058",0,0,7,0,0,0,0,0,0,0
"ASV_7059",0,0,0,137,0,0,0,0,0,0
"ASV_7061",0,0,0,137,0,0,0,0,0,0
"ASV_7065",0,0,0,0,0,0,0,11,0,0
"ASV_7176",8,0,6,0,0,0,0,0,0,0
"ASV_7177",0,5,0,0,0,0,0,0,0,0
"ASV_7178",0,0,7,0,0,0,0,0,0,0
"ASV_7179",0,0,4,62,0,0,0,0,0,0
"ASV_7180",0,0,3,0,0,0,0,7,0,0
"ASV_7181",0,0,0,133,0,0,0,0,0,0
"ASV_7182",0,0,0,133,0,0,0,0,0,0
"ASV_7183",0,0,0,133,0,0,0,0,0,0
"ASV_7184",0,0,0,0,70,0,0,0,0,0
"ASV_7188",0,0,0,0,0,73,0,0,0,0
"ASV_7189",0,0,0,0,0,0,0,11,0,0
"ASV_7190",0,0,0,0,0,0,0,11,0,0
"ASV_7191",0,0,0,0,0,0,0,0,0,10
"ASV_7282",0,0,0,0,0,0,0,0,51,0
"ASV_7300",0,0,0,104,0,0,0,0,0,0
"ASV_7301",0,2,4,0,0,0,0,0,0,0
"ASV_7302",0,0,7,0,0,0,0,0,0,0
"ASV_7303",0,0,7,0,0,0,0,0,0,0
"ASV_7304",0,0,3,71,0,0,0,0,0,0
"ASV_7305",0,0,0,128,0,0,0,0,0,0
"ASV_7306",0,0,0,128,0,0,0,0,0,0
"ASV_7310",0,0,0,0,0,0,0,0,60,0
"ASV_7383",0,0,0,28,0,0,0,0,27,0
"ASV_7440",36,0,0,0,0,0,0,0,0,0
"ASV_7441",0,5,0,0,0,0,0,0,0,0
"ASV_7442",0,0,7,0,0,0,0,0,0,0
"ASV_7443",0,0,7,0,0,0,0,0,0,0
"ASV_7444",0,0,0,123,0,0,0,0,0,0
"ASV_7445",0,0,0,123,0,0,0,0,0,0
"ASV_7446",0,0,0,0,65,0,0,0,0,0
"ASV_7447",0,0,0,0,0,0,0,0,58,0
"ASV_7448",0,0,0,0,0,0,0,0,58,0
"ASV_7449",0,0,0,0,0,0,0,0,0,10
"ASV_7450",0,0,0,0,0,0,0,0,0,10
"ASV_7599",35,0,0,0,0,0,0,0,0,0
"ASV_7600",6,0,0,100,0,0,0,0,0,0
"ASV_7601",0,2,0,71,0,0,0,0,0,0
"ASV_7602",0,1,3,33,0,0,0,0,0,0
"ASV_7603",0,1,0,100,0,0,0,0,0,0
"ASV_7604",0,0,6,0,0,0,0,0,0,0
"ASV_7605",0,0,0,118,0,0,0,0,0,0
"ASV_7606",0,0,0,118,0,0,0,0,0,0
"ASV_7607",0,0,0,0,63,0,0,0,0,0
"ASV_7612",0,0,0,0,0,0,0,10,0,0
"ASV_7613",0,0,0,0,0,0,0,10,0,0
"ASV_7614",0,0,0,0,0,0,0,10,0,0
"ASV_7615",0,0,0,0,0,0,0,0,56,0
"ASV_7616",0,0,0,0,0,0,0,0,56,0
"ASV_7681",0,0,4,28,0,0,0,0,0,0
"ASV_7730",22,0,2,0,0,0,0,0,0,0
"ASV_7731",14,2,0,0,0,0,0,0,0,0
"ASV_7732",0,0,6,0,0,0,0,0,0,0
"ASV_7733",0,0,0,114,0,0,0,0,0,0
"ASV_7734",0,0,0,114,0,0,0,0,0,0
"ASV_7735",0,0,0,114,0,0,0,0,0,0
"ASV_7736",0,0,0,114,0,0,0,0,0,0
"ASV_7737",0,0,0,62,0,0,0,0,0,4
"ASV_7738",0,0,0,0,0,0,0,9,0,0
"ASV_7739",0,0,0,0,0,0,0,9,0,0
"ASV_7740",0,0,0,0,0,0,0,2,0,7
"ASV_7741",0,0,0,0,0,0,0,0,0,9
"ASV_7742",0,0,0,0,0,0,0,0,0,9
"ASV_7879",32,0,0,0,0,0,0,0,0,0
"ASV_7880",32,0,0,0,0,0,0,0,0,0
"ASV_7881",28,0,0,14,0,0,0,0,0,0
"ASV_7882",7,0,5,0,0,0,0,0,0,0
"ASV_7883",0,0,6,0,0,0,0,0,0,0
"ASV_7884",0,0,6,0,0,0,0,0,0,0
"ASV_7886",0,0,0,109,0,0,0,0,0,0
"ASV_7889",0,0,0,0,0,0,0,9,0,0
"ASV_7890",0,0,0,0,0,0,0,9,0,0
"ASV_7891",0,0,0,0,0,0,0,0,51,0
"ASV_7892",0,0,0,0,0,0,0,0,0,8
"ASV_7893",0,0,0,0,0,0,0,0,0,8
"ASV_7894",0,0,0,0,0,0,0,0,0,8
"ASV_7895",0,0,0,0,0,0,0,0,0,8
"ASV_7931",15,0,0,43,0,0,0,0,0,0
"ASV_7938",0,0,0,0,0,0,0,0,42,0
"ASV_8061",31,0,0,0,0,0,0,0,0,0
"ASV_8062",7,0,4,0,0,0,0,0,0,0
"ASV_8063",0,4,0,0,0,0,0,0,0,0
"ASV_8064",0,4,0,0,0,0,0,0,0,0
"ASV_8065",0,0,6,0,0,0,0,0,0,0
"ASV_8066",0,0,4,38,0,0,0,0,0,0
"ASV_8067",0,0,0,104,0,0,0,0,0,0
"ASV_8068",0,0,0,104,0,0,0,0,0,0
"ASV_8069",0,0,0,104,0,0,0,0,0,0
"ASV_8070",0,0,0,104,0,0,0,0,0,0
"ASV_8071",0,0,0,104,0,0,0,0,0,0
"ASV_8072",0,0,0,104,0,0,0,0,0,0
"ASV_8073",0,0,0,0,55,0,0,0,0,0
"ASV_8080",0,0,0,0,0,0,0,8,0,0
"ASV_8081",0,0,0,0,0,0,0,8,0,0
"ASV_8082",0,0,0,0,0,0,0,7,0,1
"ASV_8083",0,0,0,0,0,0,0,0,29,3
"ASV_8111",21,0,0,0,0,0,0,0,0,0
"ASV_8188",0,0,5,0,0,0,0,0,0,0
"ASV_8241",29,0,0,0,0,0,0,0,0,0
"ASV_8242",29,0,0,0,0,0,0,0,0,0
"ASV_8243",29,0,0,0,0,0,0,0,0,0
"ASV_8244",29,0,0,0,0,0,0,0,0,0
"ASV_8245",22,0,1,0,0,0,0,0,0,0
"ASV_8246",0,0,5,0,0,0,0,0,0,0
"ASV_8247",0,0,5,0,0,0,0,0,0,0
"ASV_8248",0,0,5,0,0,0,0,0,0,0
"ASV_8249",0,0,0,100,0,0,0,0,0,0
"ASV_8250",0,0,0,100,0,0,0,0,0,0
"ASV_8251",0,0,0,100,0,0,0,0,0,0
"ASV_8252",0,0,0,100,0,0,0,0,0,0
"ASV_8411",0,0,0,0,0,0,0,0,0,6
"ASV_8430",28,0,0,0,0,0,0,0,0,0
"ASV_8431",28,0,0,0,0,0,0,0,0,0
"ASV_8432",28,0,0,0,0,0,0,0,0,0
"ASV_8433",28,0,0,0,0,0,0,0,0,0
"ASV_8434",14,2,0,0,0,0,0,0,0,0
"ASV_8435",0,3,0,0,0,0,0,0,0,0
"ASV_8436",0,3,0,0,0,0,0,0,0,0
"ASV_8437",0,0,5,0,0,0,0,0,0,0
"ASV_8438",0,0,5,0,0,0,0,0,0,0
"ASV_8439",0,0,0,95,0,0,0,0,0,0
"ASV_8440",0,0,0,95,0,0,0,0,0,0
"ASV_8441",0,0,0,95,0,0,0,0,0,0
"ASV_8442",0,0,0,95,0,0,0,0,0,0
"ASV_8449",0,0,0,0,0,0,0,8,0,0
"ASV_8450",0,0,0,0,0,0,0,0,45,0
"ASV_8451",0,0,0,0,0,0,0,0,45,0
"ASV_8452",0,0,0,0,0,0,0,0,45,0
"ASV_8453",0,0,0,0,0,0,0,0,0,7
"ASV_8595",0,0,0,0,0,0,0,5,0,1
"ASV_8620",27,0,0,0,0,0,0,0,0,0
"ASV_8621",27,0,0,0,0,0,0,0,0,0
"ASV_8622",27,0,0,0,0,0,0,0,0,0
"ASV_8623",27,0,0,0,0,0,0,0,0,0
"ASV_8624",8,0,0,62,0,0,0,0,0,0
"ASV_8625",0,3,0,0,0,0,0,0,0,0
"ASV_8626",0,3,0,0,0,0,0,0,7,0
"ASV_8627",0,1,0,52,0,0,0,0,0,0
"ASV_8628",0,1,0,0,0,0,0,6,0,0
"ASV_8629",0,0,5,0,0,0,0,0,0,0
"ASV_8630",0,0,5,0,0,0,0,0,0,0
"ASV_8631",0,0,5,0,0,0,0,0,0,0
"ASV_8632",0,0,3,43,0,0,0,0,0,0
"ASV_8633",0,0,0,90,0,0,0,0,0,0
"ASV_8634",0,0,0,90,0,0,0,0,0,0
"ASV_8635",0,0,0,90,0,0,0,0,0,0
"ASV_8636",0,0,0,90,0,0,0,0,0,0
"ASV_8637",0,0,0,90,0,0,0,0,0,0
"ASV_8639",0,0,0,90,0,0,0,0,0,0
"ASV_8640",0,0,0,90,0,0,0,0,0,0
"ASV_8641",0,0,0,90,0,0,0,0,0,0
"ASV_8643",0,0,0,0,23,0,51,0,0,0
"ASV_8648",0,0,0,0,0,50,0,0,0,0
"ASV_8649",0,0,0,0,0,0,0,7,0,0
"ASV_8650",0,0,0,0,0,0,0,0,42,0
"ASV_8651",0,0,0,0,0,0,0,0,0,7
"ASV_8855",0,0,0,76,0,0,0,0,0,0
"ASV_8873",25,0,0,0,0,0,0,0,0,0
"ASV_8874",15,0,0,0,0,0,0,3,0,0
"ASV_8875",14,0,2,0,0,0,0,0,0,0
"ASV_8876",0,3,0,0,0,0,0,0,0,0
"ASV_8877",0,0,5,0,0,0,0,0,0,0
"ASV_8878",0,0,5,0,0,0,0,0,0,0
"ASV_8879",0,0,5,0,0,0,0,0,0,0
"ASV_8880",0,0,5,0,0,0,0,0,0,0
"ASV_8881",0,0,2,52,0,0,0,0,0,0
"ASV_8882",0,0,1,0,33,0,0,0,0,0
"ASV_8883",0,0,0,85,0,0,0,0,0,0
"ASV_8884",0,0,0,85,0,0,0,0,0,0
"ASV_8885",0,0,0,85,0,0,0,0,0,0
"ASV_8886",0,0,0,85,0,0,0,0,0,0
"ASV_8887",0,0,0,85,0,0,0,0,0,0
"ASV_8888",0,0,0,62,0,0,0,2,0,0
"ASV_8889",0,0,0,0,45,0,0,0,0,0
"ASV_8894",0,0,0,0,0,0,92,0,0,0
"ASV_8895",0,0,0,0,0,0,92,0,0,0
"ASV_8896",0,0,0,0,0,0,0,3,24,0
"ASV_8897",0,0,0,0,0,0,0,0,40,0
"ASV_8898",0,0,0,0,0,0,0,0,40,0
"ASV_8899",0,0,0,0,0,0,0,0,0,7
"ASV_8900",0,0,0,0,0,0,0,0,0,7
"ASV_8901",0,0,0,0,0,0,0,0,0,7
"ASV_9133",24,0,0,0,0,0,0,0,0,0
"ASV_9134",24,0,0,0,0,0,0,0,0,0
"ASV_9135",24,0,0,0,0,0,0,0,0,0
"ASV_9136",3,0,4,0,0,0,0,0,0,0
"ASV_9137",0,3,0,0,0,0,0,0,0,0
"ASV_9138",0,3,0,0,0,0,0,0,0,0
"ASV_9139",0,3,0,0,0,0,0,0,0,0
"ASV_9140",0,3,0,0,0,0,0,0,0,0
"ASV_9141",0,3,0,0,0,0,0,0,0,0
"ASV_9142",0,3,0,0,0,0,0,0,0,0
"ASV_9143",0,3,0,0,0,0,0,0,0,0
"ASV_9144",0,2,2,0,0,0,0,0,0,0
"ASV_9145",0,2,0,0,0,0,0,0,13,0
"ASV_9146",0,1,2,0,0,0,0,0,0,0
"ASV_9147",0,1,3,0,0,0,0,0,0,0
"ASV_9148",0,0,4,0,0,0,0,0,0,0
"ASV_9149",0,0,4,0,0,0,0,0,0,0
"ASV_9150",0,0,4,0,0,0,0,0,0,0
"ASV_9151",0,0,4,0,0,0,0,0,0,0
"ASV_9152",0,0,4,0,0,0,0,0,0,0
"ASV_9153",0,0,0,81,0,0,0,0,0,0
"ASV_9154",0,0,0,81,0,0,0,0,0,0
"ASV_9155",0,0,0,81,0,0,0,0,0,0
"ASV_9156",0,0,0,81,0,0,0,0,0,0
"ASV_9157",0,0,0,81,0,0,0,0,0,0
"ASV_9158",0,0,0,81,0,0,0,0,0,0
"ASV_9159",0,0,0,81,0,0,0,0,0,0
"ASV_9160",0,0,0,81,0,0,0,0,0,0
"ASV_9161",0,0,0,81,0,0,0,0,0,0
"ASV_9162",0,0,0,81,0,0,0,0,0,0
"ASV_9163",0,0,0,81,0,0,0,0,0,0
"ASV_9164",0,0,0,81,0,0,0,0,0,0
"ASV_9165",0,0,0,0,43,0,0,0,0,0
"ASV_9175",0,0,0,0,0,0,87,0,0,0
"ASV_9176",0,0,0,0,0,0,87,0,0,0
"ASV_9177",0,0,0,0,0,0,0,6,0,0
"ASV_9178",0,0,0,0,0,0,0,6,0,0
"ASV_9179",0,0,0,0,0,0,0,6,0,0
"ASV_9180",0,0,0,0,0,0,0,6,0,0
"ASV_9181",0,0,0,0,0,0,0,6,0,0
"ASV_9182",0,0,0,0,0,0,0,0,0,6
"ASV_9446",22,0,0,0,0,0,0,0,0,0
"ASV_9447",22,0,0,0,0,0,0,0,0,0
"ASV_9448",22,0,0,0,0,0,0,0,0,0
"ASV_9449",0,2,2,0,0,0,0,0,0,0
"ASV_9450",0,0,4,0,0,0,0,0,0,0
"ASV_9451",0,0,4,0,0,0,0,0,0,0
"ASV_9452",0,0,4,0,0,0,0,0,0,0
"ASV_9453",0,0,4,0,0,0,0,0,0,0
"ASV_9454",0,0,0,76,0,0,0,0,0,0
"ASV_9455",0,0,0,76,0,0,0,0,0,0
"ASV_9456",0,0,0,76,0,0,0,0,0,0
"ASV_9457",0,0,0,76,0,0,0,0,0,0
"ASV_9458",0,0,0,14,0,34,0,0,0,0
"ASV_9459",0,0,0,0,40,0,0,0,0,0
"ASV_9462",0,0,0,0,0,42,0,0,0,0
"ASV_9463",0,0,0,0,0,42,0,0,0,0
"ASV_9464",0,0,0,0,0,0,0,6,0,0
"ASV_9465",0,0,0,0,0,0,0,6,0,0
"ASV_9466",0,0,0,0,0,0,0,6,0,0
"ASV_9467",0,0,0,0,0,0,0,0,0,6
"ASV_9468",0,0,0,0,0,0,0,0,0,6
"ASV_9469",0,0,0,0,0,0,0,0,0,6
"ASV_9759",21,0,0,0,0,0,0,0,0,0
"ASV_9760",21,0,0,0,0,0,0,0,0,0
"ASV_9761",21,0,0,0,0,0,0,0,0,0
"ASV_9762",21,0,0,0,0,0,0,0,0,0
"ASV_9763",21,0,0,0,0,0,0,0,0,0
"ASV_9764",0,3,0,0,0,0,0,0,0,0
"ASV_9765",0,3,0,0,0,0,0,0,0,0
"ASV_9766",0,3,0,0,0,0,0,0,0,0
"ASV_9767",0,1,0,33,0,0,0,0,0,0
"ASV_9768",0,1,3,0,0,0,0,0,0,0
"ASV_9769",0,0,4,0,0,0,0,0,0,0
"ASV_9770",0,0,4,0,0,0,0,0,0,0
"ASV_9771",0,0,4,0,0,0,0,0,0,0
"ASV_9772",0,0,4,0,0,0,0,0,0,0
"ASV_9773",0,0,4,0,0,0,0,0,0,0
"ASV_9774",0,0,0,71,0,0,0,0,0,0
"ASV_9775",0,0,0,71,0,0,0,0,0,0
"ASV_9776",0,0,0,71,0,0,0,0,0,0
"ASV_9777",0,0,0,71,0,0,0,0,0,0
"ASV_9778",0,0,0,71,0,0,0,0,0,0
"ASV_9779",0,0,0,71,0,0,0,0,0,0
"ASV_9780",0,0,0,71,0,0,0,0,0,0
"ASV_9789",0,0,0,0,0,0,77,0,0,0
"ASV_9790",0,0,0,0,0,0,0,6,0,0
"ASV_9791",0,0,0,0,0,0,0,6,0,0
"ASV_9792",0,0,0,0,0,0,0,6,0,0
"ASV_9793",0,0,0,0,0,0,0,0,33,0
"ASV_9794",0,0,0,0,0,0,0,0,33,0
"ASV_9795",0,0,0,0,0,0,0,0,33,0
"ASV_9796",0,0,0,0,0,0,0,0,0,6
