,H1,H2,H3,H4,H5,U1,U2,U3,U4,U5
ASV_1,10.22783445,9.913812352,2.631578947,0.193038588,4.412220844,0.36169683,0.140368008,1.429112014,0.161792517,0.963799057
ASV_3,19.07008793,8.143616309,2.894392973,0.27720074,5.009305211,0.281756589,0.706417259,1.09394888,0.627035889,0.786184093
ASV_4,0.113842328,3.863707409,0.426397336,0.544382176,0,6.621935078,37.5865857,2.338278873,28.23890643,2.749860247
ASV_5,15.43262581,1.117313446,14.98973306,0.103532807,0.558312655,0.023588924,0.326508193,0.188713553,1.457570811,0
ASV_6,0.483829896,0.878846068,1.521373903,0.371382196,3.101736973,7.763376885,6.618656739,10.81220544,9.161051867,3.894049502
ASV_7,0.055922547,0,0.445555741,0,0,0,0.038143481,0,0.012943401,0.007929239
ASV_8,0.100860308,0.016969589,0.053545288,0.058111962,0.046526055,4.341672455,0.689634128,8.770757262,1.727944085,11.7927614
ASV_9,0.031955741,0.426919127,0.183724198,0.056776055,0,1.710196968,14.27481615,4.098131048,4.275636923,4.51847711
ASV_10,0.01298202,0.019648997,0,0.062119684,0,0,0,0.009828831,0.005752623,0
ASV_11,0,0,0,0.015362933,0,0,0,0,0,0
ASV_12,0.00649101,0.075916581,0.13853001,0.124907321,0,12.09194438,0.125110616,7.465488517,1.203736329,0.589935416
ASV_13,0,0,0,0.050764473,0,0,0,0,0,0
ASV_14,0.146796687,0.083954807,1.925665386,0,0,0,0,0.005897299,0,0.010308011
ASV_15,3.654937911,0.215245836,6.580175471,2.426675395,2.6132134,0,0.68505691,0.048161271,0.154601739,0.050350671
ASV_16,0.012482711,0.032152905,0.047650393,0.013359072,0,0.262099152,0,2.294540576,0.069031474,6.471845253
ASV_17,0,0.177734113,0.073194934,0.028054051,0,4.796414484,2.810411644,2.73143211,1.760302588,1.877643906
ASV_18,0,0,0,0.020706561,0,0,0,0,0,0
ASV_19,0,0,0,0.03339768,0,0.020967932,0,0,0,0
ASV_20,0,0.352788818,0.059931423,0.024714283,0,9.900795471,1.284672424,1.307725953,2.615286157,1.200090393
ASV_21,0,0.00714509,0,0.056776055,0,0,0,0,0,0
ASV_22,0,0,0.001964965,0.020038608,0,0.045867352,0.042720698,0.12089462,0.19774641,0.040835583
ASV_23,0.08737898,0.300986916,0.050597841,0.066795359,0,5.414968483,0,6.398568922,0,0.328270514
ASV_24,0.132316741,2.392712008,1.346000806,0.07815057,1.411290323,0.184779902,0.027463306,0.547465882,0.122962313,4.544643601
ASV_25,3.201066523,2.339123833,0.281972432,4.690370113,1.651674938,0,0,0,0,0.022598332
ASV_26,0,0,0,0.023378376,0,0,0,0,0,0
ASV_27,0.024965423,0.156298843,0.157688416,0.036069494,0,1.81765762,0.033566263,4.288318926,1.356899912,1.712715725
ASV_28,0.021470264,0.101817532,0,0.196378356,0,0,0,0,0,0
ASV_30,0.203717851,8.433885589,1.219751825,0.045420844,6.211228288,0.290930059,0.105276006,0.644771308,0.052492683,0.426593083
ASV_31,0.030457816,0.152726298,0.044702946,0.012691118,0,0.410185173,4.97238412,1.320503433,1.533793064,2.161907141
ASV_32,2.646834135,0.408163265,0.444082018,2.689181156,1.287220844,0,0,0.006880182,0.003595389,0.017840789
ASV_33,0.230680507,7.080784174,1.397089887,0.041413123,7.157258065,0.081250737,0.074761222,0.427554145,0.086289343,0.611740825
ASV_34,0,0,0,0.02605019,0,0,0,0,0,0
ASV_35,0,0,0,0,0,0.056351318,1.014616582,0.007371623,0,5.659891132
ASV_36,0.009986169,2.319474836,0.139512492,0,0,0.305345512,0.128162095,1.193711514,2.772045129,0.903536837
ASV_38,1.486441279,2.857142857,0.250041755,5.095149989,0.690136476,0,0,0,0,0.016254941
ASV_40,0,0,0,0.038741308,0,0,0,0,0,0
ASV_41,0,0,0,0.017366793,0,0,0,0,0,0
ASV_42,0.09386999,0.142008663,0.104634369,7.959334985,0,0,0.03966922,0.010811714,0,0.03409573
ASV_43,0,0,0,0.054104241,0,0,0,0,0,0
ASV_44,0.055423239,1.204840798,0.709352249,0,0.690136476,0,0,0.12728336,0.06687424,3.42146683
ASV_45,0,0.02858036,0.031930676,0,0,4.726958208,1.043605627,0.385781613,1.385663026,1.737296367
ASV_47,0,0.005358817,0.019649647,0.008683397,0.038771712,0,0.877300052,0.0319437,0.021572336,3.497191067
ASV_48,0,0,0,0.010687257,0,0,0,0,0,0
ASV_49,0.00649101,0,0,0,0,0.006552479,0.033566263,0,0,0.070173769
ASV_50,0.838838209,0.142008663,0,0,0,0.237199733,1.927008636,0.719961864,1.699900048,0.434125861
ASV_51,0,0.345643728,0.030948194,0.016030886,0,0.601517554,0.582832382,0.996643454,4.676163288,0.140347539
ASV_52,0.006990318,0.010717635,0.053545288,0,0,0,0,0,0,0
ASV_53,0,0,0,0.015362933,0,0,0,0,0,0
ASV_54,0,0,0,0.025382236,0,0,0,0,0,0
ASV_55,0.065409408,0.205421337,1.077291886,0,0,0,0,0,0,0
ASV_56,0.009986169,0.01429018,0.090879616,0.021374515,0,5.500150707,0.257849928,0.94111056,1.098750962,0.360383934
ASV_57,0.243163219,0.481400438,3.103661712,0,0,0,0.038143481,0,0.010786168,0.016651403
ASV_58,2.920954478,0.430491672,0.291306014,1.740019103,1.008064516,0,0,0,0,0.024977104
ASV_59,0,0,0,0.022042468,0,0,0,0,0,0
ASV_60,0,0.059840129,0.031439435,0.065459452,0,0.239820724,2.428976839,0.799575395,1.036910266,0.806007192
ASV_61,0.007489627,0,0.107581816,0.004007722,0,2.471595004,0.265478624,1.165699346,1.087964794,1.604878068
ASV_62,0.07439696,0.295628098,0.084984722,0.042081076,0,0.428532114,1.438772085,1.836025614,2.102583647,0.528880272
ASV_63,0.304078851,1.693386326,0.941218082,0,0,0.108771148,0.308199323,1.383407951,1.097312806,0.156998941
ASV_65,0,0.03572545,0.057966458,0.034065633,0,0.044556856,0.906289097,0.392661795,0.234419381,0.56852647
ASV_67,0.145298761,3.440360827,1.57884912,0.010687257,0.977047146,0,0,0.006880182,0.016538791,0.015462017
ASV_69,1.076509035,0.827044166,0.296709667,0.027386097,0.682382134,0,0,0.133180659,0,0.094754412
ASV_71,0.004493776,0.00714509,0,0.030057912,0,0,0,0,0,0
ASV_72,0,0,0,0.025382236,0,0,0,0,0,0
ASV_73,0.581694353,0.07859599,0.501065993,0.366038568,0,0.178227423,0.305147844,0.542060025,1.203736329,0.058676372
ASV_75,2.390189587,0.229536016,1.904050775,0,0,0,0,0,0.130153092,0
ASV_76,0,0,0,0,0,0,0,0,0.010786168,0.008325701
ASV_79,0.008488244,0,0,0.022710422,0,0,0,0,0,0
ASV_80,0,1.076229179,0.011298547,0.006679536,0,1.052328096,0.402795154,0.189204995,1.499996405,0.458706503
ASV_81,0.076893502,0.010717635,0.010316065,0.158305001,0,0,0,0.027029285,0.069031474,0.009515087
ASV_82,1.762558856,0.421560309,0.242673138,0,0.868486352,0.090424207,0,0.094848218,0,0.032509882
ASV_83,0,0,0,0.018034747,0,0,0,0,0,0
ASV_85,0.004993085,0.422453445,0.032421917,0,0,0.53468227,0.256324189,0,3.003588198,1.097803204
ASV_86,0,0,0,0.012023165,0,0,0,0,0,0
ASV_88,0,0,0,0.020706561,0,0,0,0,0,0
ASV_89,0.50829601,3.419818693,1.181435014,0.046088798,2.272022333,0.026209915,0,0.07961353,0,0
ASV_90,0,0,0,0.010019304,0,0,0,0,0,0
ASV_91,0,0,0,0.016030886,0,0,0,0,0,0.002775234
ASV_92,0,0,0,0.038073355,0,0,0,0,0,0
ASV_94,0,0,0,0.010687257,0,0,0,0,0,0
ASV_95,0.013481328,0,0.012281029,0.028054051,0,0,0.021360349,0,0,0
ASV_96,0,0.036618586,0,0,0,1.969675128,0.154099661,2.435584299,0.189836554,0.06224453
ASV_98,0,0.008931362,0,0.028722004,0,4.162134535,0.030514784,1.550498076,0.276844974,0.131625375
ASV_99,0,0,0,0.01669884,0,0,0,0,0,0
ASV_100,0,0.006251954,0,0,0,0,0,0.005897299,0,0
ASV_101,0.073897652,0.066092082,0.028983229,0.184355191,0.628101737,0,0,0,0,0
ASV_102,0,0,0,0.012691118,0,0,0,0,0,0
ASV_103,0,0.10003126,0,0.006011582,0,0,0,0.042755414,0,2.625767649
ASV_104,0.016976488,0.072344036,0.0334044,0.118227786,0.325682382,0.874100672,0.428732721,0.916538482,0.396211898,0.158981251
ASV_106,0.008488244,0,0,0,0,0,0,0,0,0.047575437
ASV_108,0.009986169,0,0,0,0,0,0,0,0,0
ASV_109,0,0,0,0.010019304,0,0,0,0,0,0
ASV_110,2.310300234,0.070557764,0.200426397,0.148285697,0.922766749,0,0.366177413,0.060938752,0.293383765,0.049954209
ASV_111,0.003495159,0.015183316,0,0,0,0,0,0,0,0
ASV_112,0.028460582,0.144688072,0.045685429,1.1067991,0,0,0.015257392,0.009337389,0.012224324,0.042817893
ASV_113,0,0,0.014737235,0,0,0.083871729,0.106801745,0.593661387,0.218599668,1.336473312
ASV_115,0.43389905,0.025900951,0.165548274,0.65659838,0.240384615,0,0.027463306,0.511590649,0.092761043,0
ASV_121,0.005991701,0,0,0.011355211,0,0,0,0,0,0
ASV_122,0.05192808,0.913678382,0.479451382,0.036737447,0,0,0,0.177901839,0.058964384,1.200486855
ASV_123,0.060915632,0,0.124284016,0,0,0.900310587,0.250221232,0.466378027,0.132310325,1.332508692
ASV_124,0,0,0.005894894,0,0,0,0,0,0,0.011100935
ASV_129,0,0,0,0,0,1.06019107,1.237374508,0.63592536,0.538589313,0.450380802
ASV_134,0,0,0.005403653,0.016030886,0,0,0,0,0,0
ASV_137,0,0,0,0.023378376,0,0,0,0,0,0
ASV_140,0,0,0,0,0,0.011794462,0,0.003440091,0,0
ASV_141,0.00649101,0,0,0.034733587,0,0,0,0,0,0
ASV_146,0.020471647,0,0,3.328412742,0,0,0,0.067818933,0,0.014669093
ASV_147,0,0.006251954,0,0,0,0,0,0,0,0.013083245
ASV_148,0,0.006251954,0,0.012023165,0,0,0,0,0,0.002775234
ASV_154,0,0,0,0.014694979,0,0,0,0,0,0
ASV_155,0.013980637,0.033939177,0,3.280988037,0,0,0,0,0,0
ASV_160,0.001997234,0,0,0.011355211,0,0,0,0,0,0
ASV_161,0.023467498,0,0.015719717,0,0,0,0.732354826,0,0.053211761,1.692892626
ASV_162,0,0,0,0.006679536,0,0.013104958,0,0,0,0
ASV_164,0.086879672,0.108069486,0.513347023,0,0,0,0,0,0.030920348,0
ASV_165,0,0,0.016210959,0,0,0.153328004,0.045772177,1.423214716,0.51270251,0.046386051
ASV_166,0,0,0.034878123,0,0,0,0,0,0,0
ASV_167,0.007489627,0,0,0.023378376,0,0,0,0.011303156,0,0.050350671
ASV_171,0.033453667,0.127718483,0.119862845,0.00935135,0,1.061501566,0.047297916,0.430994235,0.183364853,0.830984296
ASV_174,0.500307075,0.0714509,1.602919938,0.095517363,0,0,0,0,0,0
ASV_175,0.596174299,0.106283214,0.12575774,1.54965233,1.14764268,0,0,0,0,0.010308011
ASV_176,0.501305692,0.190238021,0.286884843,1.461482456,0.519540943,0,0.306673583,0.032926584,0.076222253,0.039646197
ASV_177,0,0,0,0.010687257,0,0,0,0,0,0
ASV_179,0,0,0,0.012691118,0,0,0,0,0,0
ASV_190,0.350514537,0.93064797,0.013263512,1.560339588,1.628411911,0,0,0.020640545,0,0
ASV_191,0,0,0,0.022042468,0,0,0,0,0,0
ASV_194,0,0.01429018,0.019649647,0,0,1.071985532,0.091544353,0.516996506,0.458771671,0.625220532
ASV_197,0.047933612,0,0.832162542,0.098189178,0,0.006552479,0.022886088,0.066344609,0.089165654,0.040042659
ASV_199,0,0,0,0.012691118,0,0,0,0,0,0
ASV_201,0.330542199,0.046443085,0.70100115,0.144277976,0,0.007862975,0.025937567,0.27668159,0.078379486,0
ASV_204,0.065908716,1.695172599,0.977569928,0,0.372208437,0,0,0,0,0
ASV_208,0.004493776,0.029473496,0.18470668,0.004675675,0,0,0,1.537229154,0.029482192,0
ASV_209,0.67656296,0.038404859,0.876374247,0.521671754,0,0,0.027463306,0,0,0
ASV_212,0.004493776,0.076809717,0.028000747,0.012691118,0,0,0,0,0,0
ASV_215,0.003994468,0,0,0.005343629,0,0.00917347,0,0.006880182,0.010786168,0.005550468
ASV_216,0.016477179,0,0,0.03339768,0,0,0,0,0,0
ASV_222,0.009986169,0,0,0,0,0,0,0,0,0
ASV_230,0,0,0,0,0,0.347281377,0.987153276,0.072733349,0,0.819486899
ASV_238,0.033952975,0.010717635,0.036351847,0,0,0.3708703,0,0.468835234,0,0.840895845
ASV_239,0,0,0,0.007347489,0,0,0,0,0,0.004361082
ASV_247,0,0,0.005403653,0,0,0,0.016783131,0.033909467,0.026605881,0.013876169
ASV_248,0.002995851,0,0,0.010687257,0,0,0,0,0,0
ASV_249,0.063412174,0.053588175,0.017684682,0.217752871,0,0,0,0.011794597,0,0.00396462
ASV_251,0.749461995,0.051801902,0.209268738,0.333976795,0.178349876,0,0.212077752,0.154804087,0.314237022,0.018237251
ASV_252,0,0,0,0.032061772,0,0,0,0,0,0
ASV_255,0,0,0,0.012023165,0,0,0,0,0,0
ASV_256,0.054424622,0.819005939,0.221058526,0,1.318238213,0,0,0.479646948,0,0.107441195
ASV_260,0.021470264,0,0,0,0,0,0,0,0,0
ASV_261,1.615262861,0,0,0,0,0,0,0,0,0
ASV_264,0,0,0,0,0,0,0.035092002,0,0,1.261938461
ASV_268,0,0,1.562638162,0,0,0,0,0.007371623,0,0
ASV_273,0,0,0,0.012023165,0,0,0,0,0,0
ASV_274,0,0,0.011298547,0.012691118,0,0.178227423,0.926123707,0.286018979,0.222914135,0.460292351
ASV_276,0.044937761,0.019648997,1.474705992,0,0,0.053730326,0,0,0,0
ASV_278,0,0,0,0,0,0.047177847,0,0.010811714,0,0
ASV_279,0.162774557,0.051801902,0.853285912,0.555737387,1.14764268,0,0,0,0,0
ASV_280,0,0.811860849,0,0,0,0.053730326,0,0.017691896,1.392853804,0.00594693
ASV_281,0,0,0,0.015362933,0,0,0,0,0,0
ASV_284,0,0,0.007368618,0.010687257,0,0.152017508,0,0.012286039,0,0.004757544
ASV_286,0.211706786,0.477827893,0.142459939,0.992579036,0,0,0,0,0,0.00396462
ASV_288,0,0,0,0,0,0,0,0.022606311,0,0
ASV_289,0.258641781,0.628767919,0.063370111,0.677972894,0.224875931,0,0,0,0,0
ASV_291,0,0.132184165,0.010316065,0.008683397,0,0.203126843,0.09764731,0.229994643,1.121042375,0.099115493
ASV_294,0,0.043763676,0.006386135,0.006011582,0,0.16381197,0.082389918,0.289950512,0.287631142,0.526105039
ASV_295,0,0.01429018,0,0,0,0,0,0,0,0
ASV_298,0,0,0.04617667,0,0,0.356454847,0,0.420182521,0.051054528,0.547910447
ASV_299,0.04194191,0.083954807,0.973639999,0,0.108560794,0.045867352,0,0.121386062,0.015100635,0.14669093
ASV_301,0,0,1.422143187,0,0,0,0,0,0,0
ASV_302,0,0,0,0.005343629,0,0.023588924,0,0.004914415,0.005033545,0
ASV_303,0,0,0,0.005343629,0,0,0,0.004914415,0,0
ASV_305,0,0,0,0.020038608,0,0,0,0,0,0
ASV_306,0.218697105,0.016969589,0.401344036,1.003266293,0,0,0,0.010811714,0,0
ASV_307,0,0,0,0.070803081,0,0,0,0,0,0
ASV_309,1.027077498,0.034832314,0.27313009,0.025382236,0,0,0,0.049144155,0,0
ASV_312,0,0,0.032913158,0,0,0.470467978,0.239541058,0.024080636,0.079098564,0.720371406
ASV_314,0.076893502,0.006251954,1.243331401,0.03339768,0,0,0,0,0,0.007532777
ASV_316,0,0,0,0,0,0,0,0,0,0.00594693
ASV_319,0.004493776,0,0,1.70595347,1.062344913,0,0,0,0,0
ASV_322,0.044438453,1.300406377,0.569348516,0,0,0,0,0,0,0.00396462
ASV_328,0.02596404,0.015183316,0.027018264,0.090841688,0,0,0,0,0,0.006739854
ASV_331,0.015478562,0,0.021614611,0,0,0.342039394,0,0.749448357,0.230104913,0.087221634
ASV_332,0.019972338,0.040191131,0,1.671219884,0,0,0,0,0,0.017047865
ASV_335,0.060416323,0.936006788,0.230392109,0.011355211,0,0.121876106,0,0.099271192,0,0.022598332
ASV_336,0,0.006251954,0,0.013359072,0,0,0,0,0,0
ASV_338,0,0.217925244,0.008842341,0.017366793,0,0.266030639,0.123584877,0,1.066392458,0.022994794
ASV_344,0,0,0,0,0,0,0,0.007371623,0,0
ASV_347,0,0,0.006877376,0.003339768,0,0,0,0,0,0
ASV_355,0,0,0,0,0,0.035383386,0.061029569,0.293390603,0.049616372,0.358798086
ASV_358,0,0.033046041,0.049124117,0,0,0,0,0,0,0
ASV_361,0.031955741,0.158085116,0.003929929,1.308521084,1.411290323,0,0,0,0,0
ASV_363,0.016477179,0.008038226,0.590963127,0,0,0,0.440938635,0.027029285,0.235857536,0.183561894
ASV_365,0,0,0.003929929,0,0,0,0,0,0,0.00396462
ASV_369,0,0,0,0,0,0.020967932,0,0,0,0.015858479
ASV_370,0,0,0,0.010019304,0,0,0,0,0,0
ASV_372,0,0.01429018,0,0,0,0.031451898,0.064081047,0.923418664,0.116490612,0.020219561
ASV_376,0,0,0,0.024046329,0,0,0,0,0,0
ASV_377,0,0,0,0.013359072,0,0,0,0,0,0
ASV_378,0.238669443,0.016076452,0.451941876,0.585127345,0,0,0,0,0,0
ASV_379,0.044937761,0.008931362,1.016377981,0,0,0,0,0,0,0
ASV_393,0.185243438,0.684142366,0.079089828,0.541710362,0,0,0,0,0,0.013876169
ASV_394,0,0.054481311,0,0,0,0,0,0,0,0.837327688
ASV_395,0.09386999,0.100924396,0.398396589,0,0.418734491,0.022278428,0,0,0,0.005550468
ASV_397,0,0,0,0,0,0,0.061029569,0,0,0.80362842
ASV_403,0.286603055,0.050908766,0.328149102,0.305922744,0,0,0.021360349,0.052092804,0,0.02616649
ASV_408,0,0,0,1.425412962,0,0,0,0,0,0
ASV_409,0,0.008931362,0,0,0,0.1546385,0.155625401,0.061430193,0.06040254,0.1125952
ASV_410,0,0,0,0,0,0.08649272,0.032040524,0.160209944,0,0.651783484
ASV_411,0.158280781,0,0,1.210331906,0,0,0,0,0,0
ASV_413,0,0,0,0,0,0.044556856,0.129687834,0.444263157,0.081974875,0.195455753
ASV_415,0.008987552,0.043763676,0.302604561,0,2.03939206,0,0.01983461,0,0,0.029734648
ASV_416,0.001997234,0.026794087,0.999675781,0.005343629,0,0,0,0.002948649,0,0
ASV_417,0.264633483,0,0.765353743,0,0,0,0,0,0,0
ASV_420,0,0,0,0,0,0,0,0,0,0.006343392
ASV_423,0,0,0,0.007347489,0.093052109,0,0,0.003931532,0,0
ASV_425,0.004993085,0,0,0.010019304,0,0,0,0,0,0
ASV_429,0,0,0.021614611,0,0,0,0,0,0,0
ASV_431,0,0,0.042246741,0,0,0.247683699,0.173934271,0.200016709,0.265339728,0.181579584
ASV_436,0.049930846,0,0.023579576,1.210331906,0,0,0,0,0,0
ASV_439,0.044438453,0.277765373,0.717703349,0,0.558312655,0,0,0,0,0
ASV_444,0.43389905,0.183986067,0.009333582,0.430162112,0,0,0,0,0.023010491,0
ASV_445,0,0.051801902,0.15130228,0,0.535049628,0,0,0,0.033077581,0.050350671
ASV_447,0,0,0.095792028,0.070803081,0,0,0,0,0.028763114,0
ASV_451,0.152788388,0.292948689,0,0.625204561,2.202233251,0.00917347,0.036617741,0,0,0
ASV_453,0,0,0.005894894,0,0,0.155948996,0.187665924,0.082070738,0.112176145,0.351265308
ASV_454,0.008987552,0.027687224,0.005894894,0.040077215,0,0.039314873,0.373806109,0.233926176,0.196308254,0.140347539
ASV_456,0.098863075,0.018755861,0.419028718,0.440181416,0.201612903,0,0.018308871,0.001965766,0.005752623,0.001585848
ASV_460,0.650099612,0.063412674,0.161618345,0,0,0,0.036617741,0.036858116,0.043144671,0
ASV_461,0.040443985,0.037511722,0,0.997254711,0,0,0,0,0,0.003171696
ASV_462,0,0,0.003438688,0,0,0,0,0,0.02013418,0
ASV_464,0,0,0,0,0,0,0.505019682,0.180850489,0.56303796,0.080481781
ASV_468,0,0,0,0,0,0,0,0.014251805,0,0
ASV_469,0.143301527,0.022328406,0.038808052,0.122235507,0,0,0.326508193,0.023589194,0.310641633,0.187130051
ASV_473,0.018474413,1.092305631,0.086458446,0,0.736662531,0.162501474,0.006102957,0.02555496,0.005033545,0.014669093
ASV_475,0,0,0,0,0,0,0,0,0,0.007929239
ASV_476,0,0,0,0.016030886,0,0,0,0,0,0
ASV_480,0.007988935,0,0.005894894,0,0,0,0,0,0,0.007532777
ASV_484,0,0,0,0,0,0,0,0.021623428,0,0.212107156
ASV_485,0,0,0,0,0,0.07731925,0,0.207388332,0.087727498,0.043214355
ASV_490,0,0,0.067791281,0.027386097,0,0,0,0.083545063,0,0.543945827
ASV_494,0,0.005358817,0,0.004007722,0,0.269962127,0.102224528,0.354329354,0.104266289,0.11457751
ASV_497,0.019972338,0.867235297,0.211233703,0.053436287,0.170595533,0,0,0,0,0
ASV_501,0.044438453,0.194703702,0,0,0,0,0,0.002457208,0,0.005550468
ASV_505,0.012482711,0.060733265,0.731458102,0.05944787,0,0,0.010680175,0,0.009348012,0
ASV_511,0.235174284,0.016969589,0.025544541,0.434837787,0,0,0,0,0,0
ASV_513,0,0,0,0.006679536,0,0,0,0,0,0.017840789
ASV_521,0,0,0.010807306,0,0,0.022278428,0.051875134,0.275207265,0.019415102,0.251753353
ASV_522,0,0,0,0.023378376,0,0,0,0,0,0
ASV_523,0,0.051801902,0.061896387,0,0,0.252925682,0,0.328774394,0.43576118,0
ASV_527,0.177254503,0.020542134,0.62142008,0,0,0,0,0,0,0
ASV_528,0.309571244,0.039297995,0.045685429,0.527683337,0.03101737,0,0.076286961,0,0.029482192,0
ASV_530,0,0,0.137056286,0.905077115,0,0,0,0,0,0
ASV_533,0,0,0,0,0,0.057661813,0.334136889,0.079122089,0,0.458706503
ASV_535,0.010984786,0.039297995,0,0.008015443,0,0.064214292,0.338714107,0.208862657,0.123681391,0.184354818
ASV_536,0.005991701,1.078908588,0,0.262505761,0,0,0,0,0,0
ASV_537,0.429405274,0.479614165,0.056492735,0.018034747,0,0,0.01983461,0.019657662,0.014381557,0
ASV_540,0.141304294,0.267047738,0.333061513,0.016030886,0,0,0.108327485,0.098779751,0.033796659,0
ASV_543,0,1.425445452,0,0,0,0,0,0,0,0
ASV_544,0.132316741,0,0.375799495,0,0,0,0,0.125317594,0,0
ASV_546,0,0.025007815,0,0.004675675,0,0.085182224,0.041194959,0.195593735,0.281878519,0.067002073
ASV_547,0,0,0.022597094,0.016030886,0,0,0,0.017200454,0.652203614,0
ASV_548,0,0.023221542,0.10070444,0,0,0.28437758,0.018308871,0.112048672,0,0.055108214
ASV_550,0,0,0,0.012691118,0,0,0,0,0,0
ASV_552,0,0,0.01277227,0,0,0,0,0,0,0
ASV_553,0,0,0,0,0,0,0,0.025063519,0,0.061451606
ASV_561,0,0,0,0,0,0,0,0.765665928,0,0
ASV_563,0.014479945,0,0,0.125575275,0,0,0,0.191170761,0.04026836,0.047178975
ASV_571,0.005492393,0.013397044,0.006877376,0.028722004,0,0,0,0,0,0.005154006
ASV_572,0.007489627,0,0.70100115,0.020038608,0,0,0,0,0,0
ASV_573,0,0,0.006877376,0.002671814,0,0.024899419,0,0,0,0
ASV_577,0.116838179,0.156298843,0.02947447,0.597818464,0.077543424,0,0,0,0,0.003171696
ASV_578,0.023467498,0,0,0.046088798,0,0,0,0,0,0
ASV_580,0.012482711,0.04287054,0,0.90774893,0.54280397,0,0,0,0,0
ASV_581,0,0,0.069265005,0,0,0,0,0,0,0.098322569
ASV_584,0.046435687,0.891349975,0.083510999,0,0.069789082,0,0.028989045,0,0.005752623,0.026562952
ASV_592,0.164771791,0.031259769,0.144916145,0.27720074,0.426488834,0,0,0,0,0
ASV_593,0,0.017862725,0,0.010019304,0,0,0,0,0,0.009911549
ASV_597,0.177753811,0.008038226,0.003438688,0.716714203,0,0,0,0,0,0.003568158
ASV_608,0,0,0,0,0,0.010483966,0,0,0,0.002775234
ASV_610,0,0,0,0,0,0,0,0,0,0.011497397
ASV_613,0,0,0,0,0,0,0.051875134,0,0,0.544342289
ASV_617,0,0,0.0083511,0.062787638,0,0,0,0,0,0
ASV_619,0.332040124,0.033046041,0.14688111,0.179011562,0.085297767,0,0,0.003931532,0,0.002378772
ASV_624,0.425410806,0,0.259375338,0,0,0,0,0,0,0.010704473
ASV_625,0,0,0,0.006011582,0,0,0.016783131,0.183307696,0,0
ASV_634,0.009986169,0,0.137547528,0,0.147332506,0,0,0,0,0
ASV_636,0.039445368,0.04287054,0.068282523,0.607169814,0,0,0,0,0,0
ASV_637,0,0,0.012281029,0.910420744,0,0,0,0,0,0
ASV_642,0,0,0,0,0,0.349902368,0,0.474241091,0.053211761,0
ASV_643,0.017975104,0.117000848,0.472574005,0,0,0,0,0.005897299,0,0.067002073
ASV_646,0,0,0,0.010019304,0,0,0,0,0,0
ASV_647,0.175756577,0,0.097756993,0.178343609,1.201923077,0,0,0,0,0
ASV_648,0.007489627,0,0,0,0,0,0,0,0,0
ASV_651,0,0,0.024562058,0,0,0.08649272,0.090018614,0.055041453,0.26821604,0
ASV_667,0.060915632,0.018755861,0.150811039,0.20840152,0,0,0.032040524,0.230977526,0.006471701,0.011100935
ASV_673,0,0,0.010807306,0,0,0.041935864,0.105276006,0.122368945,0.163949751,0.013479707
ASV_675,0,0,0.603735398,0,0,0,0,0,0,0
ASV_680,0,0,0,0,0,0.119255114,0.178511489,0,0,0.386153962
ASV_682,0,0,0,0.012023165,0,0,0,0,0,0
ASV_686,0,0,0,0.014694979,0.124069479,0,0,0,0,0
ASV_687,0.004993085,0,0.081054793,0,0.116315136,0,0.013731653,0.511099207,0,0
ASV_691,0,0,0,0,0,0.048488343,0,0.084036504,0,0.0281488
ASV_695,0,0,0,0,0,0.035383386,0.190717403,0.092882452,0.263182495,0.021805409
ASV_697,0,0,0,0,0,0.512403842,0,0.054550012,0.042425593,0
ASV_698,0,0.124145938,0.039790535,0,0,0,0,0,0.733459412,0
ASV_706,0.330542199,0,0.15965338,0.09484941,0,0,0.018308871,0,0.015100635,0.023787718
ASV_710,0.203717851,0.56892779,0,0.058111962,0,0,0.115956181,0.003440091,0,0
ASV_711,0,0,0,0,0,0,0.056452351,0.011303156,0.001438156,0.256114435
ASV_713,0.020970955,0.349216273,0.054036529,0.364034707,0,0,0,0,0,0
ASV_716,0.039445368,0,0.056001493,0.014027025,1.062344913,0,0.036617741,0.019657662,0.066155163,0
ASV_725,0,0,0,0,0,0,0.213603491,0.065853167,0,0.353247618
ASV_727,0,0.046443085,0.006386135,0.006679536,0,0.056351318,0,0.024080636,0.171859607,0
ASV_730,0,0,0.535452875,0,0,0.056351318,0,0,0,0
ASV_731,0,0,0.564436104,0,0,0,0,0,0,0
ASV_733,0,0,0.007859859,0,0,0.119255114,0,0.099271192,0.359538927,0
ASV_736,0,0.062519537,0.031930676,0.010687257,0,0,0,0.415268106,0,0.017047865
ASV_737,0.190735831,0,0.080072311,0.173667934,0.155086849,0,0.015257392,0.002948649,0,0
ASV_747,0.122330572,0,0.311446902,0.096853271,0.783188586,0,0,0,0,0
ASV_749,0.078890736,0.281337918,0.032421917,0.215081056,0,0,0,0.035875233,0,0
ASV_752,0.079889353,0.522484705,0.012281029,0.229776035,0,0,0,0,0,0
ASV_755,0,0,0.027509506,0,0,0,0.018308871,0.189696437,0.095637355,0.032906344
ASV_756,0.117337488,0.018755861,0.224988456,0.160976815,0.062034739,0.047177847,0,0.024080636,0,0
ASV_757,0,0,0.028000747,0.039409262,0,0.104839661,0,0,0,0
ASV_760,0,0,0,0,0,0,0,0,0,0.009911549
ASV_761,0.203218542,0,0.151793522,0.140938208,0,0,0,0,0.113614301,0
ASV_766,0.011983403,0.008038226,0,0,0,0.022278428,0.166305575,0.189696437,0.08700842,0.062640992
ASV_778,0.103356851,0,0,0.374721964,0,0,0,0,0,0
ASV_779,0,0,0.522680605,0.006679536,0,0,0,0,0,0
ASV_780,0.003994468,0,0,0,0,0.018346941,0,0.373987016,0,0.093168564
ASV_782,0.434897667,0.123252802,0.024070817,0,0,0,0,0,0,0
ASV_785,0,0.012503907,0.080563552,0,2.512406948,0,0.109853224,0.023589194,0,0.045989589
ASV_787,0.021470264,0.132184165,0.319798002,0,0,0,0,0,0,0
ASV_788,0,0,0,0,0,0,0,0.514047857,0,0
ASV_793,0.068405259,0,0,0,0,0,0,0,0,0
ASV_801,0,0,0,0,2.000620347,0,0,0,0,0
ASV_803,0.143301527,0,0.100213199,0.237791478,0.2558933,0,0,0,0,0.006739854
ASV_804,0,0,0.005403653,0,0,0.069456275,0.009154435,0.074699115,0.05033545,0.081671167
ASV_806,0.156283547,0.025900951,0.031930676,0.180347469,0,0,0,0,0,0
ASV_807,0,0,0,0,0,0,0.027463306,0,0,0.100701341
ASV_808,0.10685201,0,0.070247487,0,0,0,0,0,0,0
ASV_813,0,0,0,0,0,0,0.23496384,0.137603633,0.056807151,0.130832451
ASV_815,0.151290463,0.12861162,0,0.360694939,0,0,0,0,0,0
ASV_818,0,0,0,0,0,1.083779994,0,0,0,0.072552541
ASV_819,0,0,0,0.01669884,0,0,0,0,0,0
ASV_821,0,0,0.028000747,0,0,0.125807593,0,0.274224382,0.085570265,0.068984383
ASV_827,0,0,0,0,0,0,0.253272711,0.101236958,0.028044036,0.104269499
ASV_829,0.056921164,0.293841826,0.005403653,0.314606141,0,0,0,0,0,0.007929239
ASV_832,0.174258652,0.070557764,0.145407386,0.179679516,0,0,0,0,0,0
ASV_846,0.090874139,0.027687224,0.036843088,0.010687257,0,0,0.071709743,0.05405857,0.038830204,0.156998941
ASV_847,0.047933612,0,0,0,0,0.031451898,0,0.007863065,0,0
ASV_852,0,0,0,0,0,0,0.228860883,0.100745517,0.015819713,0.09435795
ASV_859,0,0.00714509,0,0.004675675,0,0.011794462,0.028989045,0.071259024,0.017257869,0.111405815
ASV_860,0,0,0,0,0,0,0.035092002,0,0,0.007532777
ASV_866,0,0,0,0,0,0,0,0,0,0.374260103
ASV_869,0.010485478,0,0.071721211,0.057444009,0.232630273,0,0,0,0,0
ASV_876,0.458864473,0,0,0,0,0,0,0,0,0
ASV_884,0.02596404,0.105390077,0.010807306,0.08750192,0,0.267341135,0,0.014743246,0,0.009911549
ASV_894,0,0,0,0,0,0.047177847,0,0,0,0.003171696
ASV_895,0,0.034832314,0,0,0,0,0.138842269,0.04128109,0.348752759,0.017444327
ASV_899,0,0,0,0,0,0,0,0,0.016538791,0.018237251
ASV_908,0,0,0.003438688,0,0,0,0.010680175,0.006880182,0.005752623,0
ASV_918,0,0,0.393484177,0.022042468,0,0,0,0,0,0
ASV_920,0.324051189,0,0.100213199,0,0,0,0,0,0,0
ASV_921,0.035950209,0,0.165057033,0.006011582,0,0.002620992,0,0.112048672,0,0
ASV_925,0.004493776,0,0,0.010687257,0,0,0,0,0,0.003568158
ASV_941,0.016976488,0,0.0167022,0.02605019,0,0,0.041194959,0.02211487,0.086289343,0.022598332
ASV_946,0,0,0,0,0,0,0,0,0.087727498,0.018237251
ASV_947,0,0,0,0,0,0.456052525,0,0,0.007909856,0.033302806
ASV_948,0,0.653775733,0.035860605,0.019370654,0,0,0,0,0,0
ASV_950,0,0.282231054,0,0,0,0,0,0,0,0
ASV_951,0,0,0.402326518,0.006679536,0,0,0,0,0,0
ASV_955,0.325049806,0,0.051089082,0.047424705,0,0,0,0,0,0
ASV_956,0,0.534988613,0.044702946,0,0,0,0,0,0,0.052729442
ASV_957,0,0.022328406,0,0,0,0,0,0,0,0
ASV_959,0,0.016076452,0.012281029,0.005343629,0,0.010483966,0,0.0319437,0,0.004757544
ASV_965,0,0,0,0,0,0,0.054926612,0,0,0.290606626
ASV_968,0.178253119,0,0.077616105,0.197714263,0,0,0,0,0,0
ASV_969,0.007489627,0.01429018,0.006877376,0.016030886,0,0.013104958,0.163254097,0,0.035953893,0.170875111
ASV_972,0,0,0,0.006011582,0,0,0.111378963,0,0,0.286642007
ASV_983,0,0,0,0.526347429,0,0,0,0,0,0
ASV_994,0,0,0,0,0,0.022278428,0,0,0,0
ASV_997,0,0,0.376290736,0,0,0,0,0,0,0
ASV_999,0.007988935,0.02143527,0.20583005,0.053436287,0.28691067,0,0,0.029486493,0.028044036,0
ASV_1005,0,0,0,0,0,0,0,0.004914415,0,0.009118625
ASV_1007,0.020471647,0,0.005894894,0,0,0,0.122059138,0.040298207,0.281159441,0.060658682
ASV_1010,0,0,0.350746195,0,0,0,0,0,0,0
ASV_1011,0,0,0.089405893,0,0,0,0,0,0,0
ASV_1015,0,0,0.01277227,0,0,0,0,0,0,0.008722163
ASV_1016,0,0,0.018667164,0,0,0.180848415,0.03966922,0.030960817,0.206375344,0
ASV_1021,0.007988935,0.055374447,0.021614611,0,0,0,0,0,0,0
ASV_1024,0,0,0,0,0,0,0.135790791,0.111065789,0,0.12052444
ASV_1026,0,0,0.01277227,0.469571374,0,0,0,0,0,0
ASV_1029,0.108349935,0.022328406,0.057475217,0.201721984,0.628101737,0,0,0,0,0
ASV_1038,0.017475796,0,0,0,0,0,0,0.020640545,0,0.257700283
ASV_1044,0.113842328,0.058946992,0.028000747,0.254490318,0,0,0,0,0,0
ASV_1049,0,0,0.001473724,0.005343629,0,0,0,0,0.015819713,0
ASV_1050,0.024965423,0,0.067791281,0,0,0,0,0,0,0.035285116
ASV_1051,0,0,0,0,0,0,0,0.005897299,0,0.035681578
ASV_1052,0.200222692,0,0.043229223,0.092845549,0.310173697,0,0,0,0,0
ASV_1053,0,0,0,0,0,0,0.025937567,0,0,0.043610817
ASV_1059,0.34002906,0,0.020140888,0,0,0,0,0,0,0
ASV_1060,0,0,0.017684682,0,0,0.03407289,0,0,0,0.085239324
ASV_1065,0,0,0.01277227,0,0,0,0.086967136,0.015234688,0.128714936,0.123299674
ASV_1067,0,0.025007815,0.0167022,0.070135127,0,0,0,0,0,0
ASV_1070,0.033952975,0.075023445,0,0.374721964,0,0,0,0,0,0.001585848
ASV_1075,0,0,0,0.33664861,0,0.055040822,0,0,0,0
ASV_1078,0,0.009824499,0,0,0,0.024899419,0,0,0,0
ASV_1084,0.092871373,0,0.220076044,0,0,0,0.022886088,0,0.036672971,0
ASV_1085,0,0.559103291,0,0,0,0,0,0,0,0.029338186
ASV_1091,0.007489627,0,0.113967951,0.226436267,0.178349876,0,0,0,0,0
ASV_1102,0,0,0,0,0,0.028830907,0.071709743,0,0,0.113388124
ASV_1108,0.027461965,0,0.007859859,0.40745169,0,0,0,0,0,0
ASV_1109,0,0,0,0,0,0,0,0.334671692,0,0
ASV_1110,0,0,0,0.014027025,0,0,0,0,0,0
ASV_1113,0,0,0,0,0,0,0,0.007371623,0,0
ASV_1114,0.013980637,0,0.137547528,0.244471014,0,0,0,0,0,0
ASV_1118,0,0.032152905,0.034878123,0.282544369,0,0,0,0,0,0
ASV_1121,0.027961274,0,0.060422664,0.257830086,0.046526055,0,0,0,0,0.004757544
ASV_1127,0.112843711,0.047336221,0.052562805,0.023378376,0.961538462,0,0.009154435,0,0.009348012,0
ASV_1130,0,0,0.327166619,0,0,0,0,0,0,0
ASV_1137,0.102857542,0,0.0250533,0.135594579,0,0,0,0,0,0
ASV_1138,0.054424622,0.041977404,0.024562058,0.147617744,0,0,0,0,0,0
ASV_1143,0.013481328,0.022328406,0.227444662,0.054772194,0.418734491,0,0,0,0,0
ASV_1155,0,0.016969589,0.028491988,0.351343589,0.356699752,0,0,0,0,0
ASV_1157,0,0,0.003929929,0,0,0,0,0,0,0.003171696
ASV_1162,0.036449517,0.124145938,0.093827063,0,0,0,0,0.011794597,0.152444505,0
ASV_1164,0,0,0,0.396764433,0.341191067,0,0,0,0,0
ASV_1175,0,0,0,0,0,0.786297456,0,0,0,0
ASV_1177,0.052926697,0.039297995,0.029965711,0.109544389,0,0,0,0,0,0
ASV_1178,0,0.048229357,0,0.254490318,0,0,0,0,0,0
ASV_1186,0.067406642,0,0.216146115,0.013359072,0,0,0,0,0,0.008325701
ASV_1204,0,0,0.23923445,0.078818524,0,0,0,0,0,0
ASV_1207,0,0,0,0.394092618,0,0,0,0.00638874,0,0
ASV_1211,0,0.022328406,0.008842341,0.112216203,0,0,0,0.129740568,0.016538791,0
ASV_1212,0,0,0,0,0,0.234578741,0,0.029486493,0,0.065019764
ASV_1215,0,0,0,0.018034747,0,0,0,0,0,0
ASV_1218,0.214702637,0,0,0.055440148,0,0,0,0.004422974,0,0.024580642
ASV_1225,0,0.005358817,0,0,0,0.051109335,0,0.059955869,0.043863749,0.080878243
ASV_1229,0.030957124,0.172375296,0.124284016,0.05210038,0,0,0,0,0,0
ASV_1247,0,0,0,0,0,0.486193927,0.01983461,0.079122089,0.023729569,0
ASV_1253,0,0,0,0,0,0,0.015257392,0,0,0.030527572
ASV_1257,0.149293229,0.039297995,0.064843834,0,0,0,0.061029569,0.004422974,0,0
ASV_1259,0,0,0.02112337,0,0,0,0,0,0,0
ASV_1263,0,0,0,0,0,0,0,0,0,0.225190401
ASV_1265,0,0.506408253,0,0,0,0,0,0,0,0
ASV_1269,0.02596404,0.004465681,0.003438688,0.278536647,0,0,0,0,0,0
ASV_1278,0.141304294,0,0,0.074142849,0,0,0,0,0,0
ASV_1279,0.027461965,0,0.052562805,0.266513483,0,0,0,0,0,0
ASV_1280,0.030457816,0,0,0.290559812,0,0,0,0,0,0
ASV_1281,0.010485478,0,0.045685429,0.279872554,0,0,0,0,0,0
ASV_1283,0,0,0.018667164,0.022710422,0,0,0.198346099,0.050618479,0.069031474,0.007929239
ASV_1286,0.082885204,0.13575671,0.027018264,0.024714283,1.093362283,0,0.009154435,0,0,0
ASV_1287,0,0,0,0.37205015,0,0,0,0,0,0
ASV_1289,0.005492393,0,0,0,0,0,0,0,0.024448647,0
ASV_1291,0.019972338,0.047336221,0.136565045,0.121567553,0,0,0,0,0,0
ASV_1306,0.153787005,0.210780155,0,0,0,0,0,0,0,0
ASV_1308,0,0,0,0.3626988,0,0,0,0,0,0
ASV_1311,0,0,0,0.004675675,0,0,0.042720698,0.020149103,0.185522086,0.031716958
ASV_1317,0.016477179,0.016076452,0.005894894,0.081490338,0,0,0.079338439,0,0.151725427,0.034492192
ASV_1326,0,0,0,0,0,0,0.096121571,0.024080636,0,0.027752338
ASV_1327,0.084383129,0,0.144916145,0,0,0,0.024411828,0.024080636,0,0
ASV_1336,0,0,0,0.010687257,0,0,0,0,0,0
ASV_1337,0.261138323,0,0,0,0,0,0,0,0,0
ASV_1339,0,0.012503907,0,0,0,0,0.025937567,0.01916622,0.01006709,0.173650344
ASV_1344,0,0,0,0,0,0.06814578,0,0,0.333652125,0
ASV_1351,0,0.002679409,0.000982482,0,0,0.024899419,0.122059138,0.020149103,0.139501104,0.013876169
ASV_1352,0,0,0,0.341992238,0,0,0,0,0,0
ASV_1357,0,0,0,0,0,0.003931487,0.079338439,0.030960817,0.007190779,0.064623302
ASV_1358,0,0,0.008842341,0.05944787,0,0.038004377,0.01983461,0.017200454,0.020853258,0.089996868
ASV_1363,0.001497925,0,0.035369364,0,0,0,0,0.021131986,0,0
ASV_1365,0,0,0,0,0,0,0.013731653,0,0,0.015065555
ASV_1372,0,0,0,0,0,0,0,0,0.039549282,0
ASV_1377,0,0,0,0,0,0,0.035092002,0,0,0.015065555
ASV_1384,0.082885204,0,0.097265752,0.086166013,0,0,0,0,0,0
ASV_1386,0.065409408,0.099138124,0.087932169,0,0,0,0,0.034400908,0,0
ASV_1387,0.006990318,0,0.047159152,0.132254811,0,0,0,0,0,0.06026222
ASV_1395,0,0,0.015228476,0.02605019,0,0,0,0,0,0
ASV_1406,0,0,0.037334329,0,0,0,0,0.199033826,0,0
ASV_1408,0,0,0,0,0,0,0,0,0.071188708,0
ASV_1413,0,0,0,0.054772194,0,0,0,0,0,0
ASV_1415,0,0,0,0.041413123,0,0,0,0,0.037392048,0.023787718
ASV_1419,0,0,0,0.014694979,0,0,0,0,0,0
ASV_1424,0.097365149,0.054481311,0,0.145613883,0,0,0,0,0,0
ASV_1425,0.003994468,0.00714509,0,0.278536647,0.310173697,0,0,0,0,0
ASV_1429,0.005991701,0,0,0.030057912,0,0,0,0,0,0
ASV_1439,0.027461965,0,0,0.255158272,0,0,0,0,0,0
ASV_1441,0.092372065,0,0.019649647,0.15630114,0,0,0,0.003440091,0,0
ASV_1443,0.021969572,0,0.006386135,0.010019304,0.302419355,0,0,0.080104972,0.032358503,0
ASV_1451,0,0.004465681,0.017193441,0.052768334,2.651985112,0,0,0,0,0
ASV_1453,0.028959891,0.019648997,0.129196428,0,0.248138958,0,0.022886088,0,0,0
ASV_1459,0.069403876,0.023221542,0.062387629,0.09484941,0,0,0,0,0,0
ASV_1467,0,0,0,0,0,0,0.048823655,0.032926584,0.015819713,0.018237251
ASV_1469,0,0,0,0,0,0,0,0,0,0.171668034
ASV_1475,0.013980637,0.010717635,0.120354087,0.040745169,0.806451613,0,0,0,0,0
ASV_1495,0,0,0,0,0,0,0,0,0.005033545,0.003568158
ASV_1496,0,0,0,0,0,0,0,0.014251805,0,0.006343392
ASV_1497,0,0,0,0.291895719,0,0,0,0,0,0
ASV_1500,0,0,0,0,0,0.302724521,0,0,0,0.081274705
ASV_1502,0,0,0,0,0,0,0,0,0,0.020219561
ASV_1508,0,0,0.010316065,0,0,0,0,0,0.296260076,0
ASV_1511,0.215701254,0,0,0,0,0,0,0,0,0
ASV_1514,0,0,0,0.287887998,0,0,0,0,0,0
ASV_1515,0,0,0,0,0,0,0,0.211811306,0,0
ASV_1525,0,0,0,0,0,0,0,0,0.017257869,0
ASV_1530,0.071401109,0,0.13853001,0,0,0,0,0,0,0
ASV_1533,0.081886587,0,0.0083511,0.012023165,0.232630273,0,0,0,0.017257869,0.004361082
ASV_1535,0.015478562,0,0,0.014694979,0,0,0,0,0,0
ASV_1536,0.083883821,0.009824499,0.019158406,0.122903461,0,0,0,0,0,0
ASV_1555,0,0,0,0,0,0,0,0,0.021572336,0
ASV_1557,0,0,0,0,0,0,0,0.007863065,0.172578685,0.06026222
ASV_1558,0.208211627,0,0,0,0,0,0,0,0,0
ASV_1566,0,0,0,0,0,0.038004377,0.389063501,0.006880182,0,0.020219561
ASV_1571,0,0,0.015228476,0,0,0,0,0,0,0.006343392
ASV_1580,0.00649101,0,0.028491988,0,0,0,0,0.009337389,0,0.008722163
ASV_1582,0.134813284,0,0.002947447,0,0,0,0,0,0,0
ASV_1586,0.009486861,0,0,0.070803081,0,0,0,0,0,0
ASV_1587,0,0,0,0,0,0,0.11748192,0,0,0.058676372
ASV_1589,0,0,0,0,0,0.532061279,0,0,0,0
ASV_1592,0,0.08574108,0.023579576,0.110880296,0.093052109,0,0,0,0,0
ASV_1599,0.008488244,0,0,0.247810782,0,0,0,0,0,0.00594693
ASV_1602,0.056421856,0.017862725,0.043720464,0.058779916,0.713399504,0,0,0,0,0
ASV_1605,0.015478562,0,0,0,0,0,0,0,0,0
ASV_1606,0,0,0,0,0,0,0.090018614,0.023589194,0,0.044007279
ASV_1607,0.019972338,0,0.001964965,0.233783757,0,0,0,0,0,0.002378772
ASV_1612,0,0,0.048141635,0.056776055,0,0,0,0,0,0
ASV_1619,0,0,0,0.036069494,0,0,0,0.128757685,0.012224324,0
ASV_1621,0.012482711,0,0,0.248478736,0,0,0,0,0,0
ASV_1630,0.010485478,0.01429018,0,0.015362933,0,0.006552479,0.013731653,0.026046402,0.063997929,0.070570231
ASV_1636,0,0,0,0,0,0,0,0,0,0.028941724
ASV_1641,0.007988935,0,0,0.249814643,0,0,0,0,0,0
ASV_1645,0,0.111642031,0,0.135594579,0,0,0,0,0,0
ASV_1648,0,0,0.0334044,0,0,0,0.106801745,0,0.130153092,0.026959414
ASV_1653,0.046934995,0,0.011789788,0.050096519,0,0,0,0,0.005033545,0
ASV_1654,0.016477179,0,0.172916892,0,0,0,0,0,0,0
ASV_1658,0,0,0,0,0,0,0,0.156769853,0,0
ASV_1661,0,0,0.007368618,0,0,0,0,0,0,0
ASV_1665,0,0,0,0,0,0.377422779,0,0.029486493,0,0
ASV_1670,0.03245505,0,0.124284016,0,0,0,0,0,0.043144671,0
ASV_1681,0.004993085,0,0.003438688,0,0,0,0,0,0,0
ASV_1682,0.005991701,0.016969589,0,0.089505781,1.628411911,0,0,0,0,0
ASV_1688,0.009986169,0,0,0.020706561,0,0,0,0,0,0
ASV_1693,0,0,0,0,0,0,0,0.164141476,0,0
ASV_1699,0,0,0.181759233,0,0,0,0,0,0,0
ASV_1700,0,0.046443085,0.067791281,0,0,0,0,0.008845948,0,0
ASV_1708,0,0,0.036351847,0,0,0,0,0.143500931,0,0
ASV_1716,0,0,0,0.242467153,0,0,0,0,0,0
ASV_1724,0,0,0,0,0,0,0.036617741,0.13662075,0.025167725,0.009118625
ASV_1727,0.063911483,0.015183316,0.096283269,0,0,0,0,0.003931532,0,0
ASV_1729,0.041442602,0.037511722,0,0.075478756,0.31792804,0,0,0,0,0.006739854
ASV_1731,0,0,0.149337316,0,0,0,0,0,0,0
ASV_1732,0.137809134,0,0.040281776,0,0,0,0,0,0,0
ASV_1736,0,0,0,0,0,0,0,0,0.073345941,0
ASV_1738,0,0,0,0,0,0.010483966,0,0.008845948,0,0
ASV_1741,0,0,0.013263512,0,0,0.17298544,0,0.029977934,0,0
ASV_1742,0.01298202,0.023221542,0.10905554,0,0,0,0,0.002948649,0,0.001585848
ASV_1746,0.013980637,0.195596838,0.022105853,0.027386097,0.147332506,0,0,0,0,0
ASV_1747,0,0,0,0.014694979,0,0,0.036617741,0.109100023,0.02013418,0.003171696
ASV_1763,0,0,0,0,0,0,0,0.018183337,0,0
ASV_1764,0,0,0,0,0,0,0,0.172004541,0,0
ASV_1772,0,0,0,0.034733587,0,0,0,0.010320272,0.02013418,0
ASV_1775,0,0,0,0,0,0,0,0,0,0.007532777
ASV_1778,0,0,0,0,0,0,0.015257392,0.021131986,0,0.115766896
ASV_1780,0,0,0,0,0,0,0,0,0,0.136382919
ASV_1782,0.006990318,0.018755861,0.024562058,0.041413123,0.186104218,0,0,0,0,0
ASV_1792,0,0,0.012281029,0,0,0,0,0,0,0
ASV_1793,0.02596404,0,0,0.06145173,0,0,0,0,0,0
ASV_1800,0.010984786,0,0,0.202389938,0,0,0,0.003931532,0,0
ASV_1803,0,0.012503907,0,0,0,0.421979635,0,0,0,0
ASV_1811,0,0,0.009333582,0,0,0,0,0.030469376,0,0
ASV_1813,0.063911483,0,0.101195681,0,0,0,0,0,0,0
ASV_1816,0.018474413,0,0.01277227,0.151625465,0,0,0,0,0,0
ASV_1829,0,0,0.095792028,0.089505781,0,0,0,0,0,0
ASV_1834,0,0,0,0.219088778,0,0,0,0,0,0
ASV_1838,0.012482711,0,0.015719717,0.156969094,0,0,0,0,0,0.001189386
ASV_1839,0,0,0,0,0,0,0,0,0.002876311,0.073345465
ASV_1840,0,0.025007815,0,0,0,0,0.044246437,0,0.194151021,0
ASV_1847,0,0,0.129687669,0.041413123,0,0,0,0,0,0
ASV_1854,0.029958507,0.040191131,0,0.146281836,0,0,0,0,0,0
ASV_1858,0.031955741,0.062519537,0,0.126243229,0,0,0,0,0,0
ASV_1866,0,0,0.136565045,0,0,0,0,0,0,0
ASV_1871,0.039445368,0.125932211,0.034878123,0.018034747,0,0,0,0,0,0
ASV_1872,0,0,0,0,0,0,0,0,0,0.037267425
ASV_1873,0.056921164,0,0.087932169,0.016030886,0,0,0,0,0,0
ASV_1874,0,0,0,0,0,0,0,0,0,0.125678446
ASV_1876,0,0,0.018175923,0.167656351,0.217121588,0,0,0,0,0
ASV_1880,0.005492393,0.006251954,0.013754753,0.131586857,0.356699752,0,0,0,0,0
ASV_1883,0.015478562,0.008931362,0,0.117559832,0,0,0,0,0,0
ASV_1895,0,0,0,0,0,0,0,0,0,0.123299674
ASV_1901,0,0,0,0,0,0,0,0,0,0.056694062
ASV_1902,0.008987552,0.055374447,0.110038022,0,0,0,0,0,0,0
ASV_1905,0,0,0.091862099,0.076814663,0,0,0,0,0,0
ASV_1906,0,0,0,0,0,0.12973908,0,0,0.127995858,0
ASV_1907,0,0,0,0.199718124,0,0,0,0,0,0
ASV_1908,0.01298202,0,0.001964965,0.006679536,0,0,0.012205914,0.009828831,0,0
ASV_1918,0,0,0,0,0,0.12973908,0.015257392,0.011303156,0.069031474,0.027355876
ASV_1923,0.026962657,0.017862725,0.045685429,0.058779916,0,0,0,0.023589194,0,0
ASV_1924,0,0,0.148846074,0,0,0,0,0,0,0
ASV_1927,0,0,0,0,0,0,0,0.039806765,0.054649917,0
ASV_1932,0.038446751,0,0.034386882,0.030057912,0.193858561,0,0,0,0.004314467,0
ASV_1936,0.027461965,0.038404859,0.09677451,0,0,0,0,0,0,0
ASV_1938,0.024965423,0.051801902,0.081054793,0,0.155086849,0,0,0.003440091,0,0
ASV_1948,0,0,0,0.196378356,0,0,0,0.001474325,0,0
ASV_1958,0.006990318,0.019648997,0.069756246,0,0,0,0,0.027029285,0.028763114,0.005154006
ASV_1968,0.028959891,0,0.044211705,0.014027025,0,0,0,0,0,0
ASV_1969,0.046934995,0.012503907,0,0.081490338,0,0.007862975,0,0.022606311,0,0.003568158
ASV_1970,0.039445368,0,0,0.104868714,0.426488834,0,0,0,0,0
ASV_1991,0,0.016969589,0.000491241,0,0.023263027,0,0.009154435,0.006880182,0,0.013083245
ASV_1992,0.018474413,0,0.088914652,0.029389958,0,0,0,0.005405857,0,0
ASV_1997,0.049431537,0,0.036843088,0.067463313,0,0,0,0,0,0
ASV_2001,0.007988935,0.015183316,0.005403653,0.027386097,0,0,0.001525739,0,0.000719078,0.002378772
ASV_2008,0.011484095,0,0,0.050096519,0,0,0.009154435,0.016217571,0,0.006343392
ASV_2015,0,0,0,0,0,0,0,0,0,0.010308011
ASV_2019,0.00649101,0.017862725,0,0.01669884,1.713709677,0,0,0,0,0
ASV_2030,0.133315358,0,0,0,0,0,0,0,0,0
ASV_2035,0,0,0.070738728,0,0,0,0.164779836,0,0,0.002775234
ASV_2038,0,0.245612468,0,0,0,0,0,0,0,0
ASV_2043,0.00649101,0.004465681,0.059931423,0.007347489,0,0,0,0,0.023010491,0
ASV_2045,0,0,0,0,0,0,0.024411828,0.013268922,0.018696024,0
ASV_2050,0,0,0,0,0,0.268651631,0,0,0,0
ASV_2057,0,0,0,0,0,0.028830907,0,0,0.099232744,0.018237251
ASV_2058,0,0,0.091862099,0.055440148,0,0,0,0,0,0
ASV_2065,0,0,0,0,0,0,0,0.006880182,0.011505246,0
ASV_2066,0,0.008931362,0.004421171,0.118227786,0.480769231,0,0,0,0,0
ASV_2067,0,0.239360514,0,0,0,0,0,0,0,0
ASV_2069,0,0,0.005403653,0,0,0,0,0,0,0.00198231
ASV_2070,0,0,0,0,0,0,0,0.011303156,0,0
ASV_2075,0,0.068771491,0.032421917,0.063455591,0,0,0,0,0,0
ASV_2078,0,0,0,0,0,0,0,0.014743246,0,0
ASV_2079,0.016477179,0.122359666,0.044211705,0,0,0,0,0,0,0
ASV_2080,0.047434303,0,0.077616105,0.008015443,0,0,0,0,0,0
ASV_2084,0,0,0,0,0,0,0,0,0,0.006739854
ASV_2104,0,0.038404859,0.001964965,0.132922765,0,0,0,0,0,0
ASV_2111,0.01298202,0,0.009824823,0.004007722,0,0,0,0,0.074784097,0.012290321
ASV_2113,0,0,0,0,0,0,0,0,0,0.007929239
ASV_2129,0,0,0,0,0,0,0,0.003931532,0,0.061451606
ASV_2138,0,0.005358817,0,0.155633187,0,0,0,0,0,0
ASV_2140,0,0,0,0,0,0.193953373,0,0,0,0
ASV_2141,0,0,0,0,0,0,0,0,0,0.101097803
ASV_2142,0,0,0,0,0,0,0,0.027520727,0,0
ASV_2144,0,0,0,0,0,0.070766771,0,0,0,0
ASV_2146,0,0,0.03782557,0.028722004,0,0,0,0,0.006471701,0
ASV_2149,0,0,0.085967205,0,0,0,0,0,0,0
ASV_2153,0.017475796,0.069664627,0.018175923,0.058779916,0,0,0,0,0,0
ASV_2157,0,0,0,0,0,0,0,0.039315324,0,0
ASV_2159,0.049930846,0,0.001473724,0.073474895,0,0,0,0,0,0
ASV_2171,0,0.027687224,0,0,0,0,0,0,0,0
ASV_2175,0.051428771,0,0.007368618,0.070803081,0,0,0,0.005405857,0,0
ASV_2176,0.013980637,0,0.072212452,0,0,0,0,0,0,0
ASV_2182,0,0,0,0.005343629,0,0,0.009154435,0.083053621,0.002157234,0.015462017
ASV_2186,0.036449517,0,0,0.114220064,0,0,0,0,0,0
ASV_2187,0,0,0,0.162980676,0,0,0,0,0,0
ASV_2193,0,0,0.067791281,0.030725865,0.418734491,0,0,0,0.003595389,0
ASV_2203,0,0,0,0.06145173,0,0,0,0,0,0
ASV_2208,0,0,0,0,0,0,0,0.118437412,0,0
ASV_2211,0,0,0,0,0,0,0.035092002,0.055041453,0,0.041628507
ASV_2216,0,0.009824499,0,0.148953651,0,0,0,0,0,0
ASV_2217,0.049431537,0,0.005894894,0.070803081,0,0,0,0,0,0
ASV_2224,0,0,0,0,0,0,0.050349394,0,0.084851187,0.022201871
ASV_2238,0.01298202,0,0.033895641,0.066795359,0.147332506,0,0,0,0,0
ASV_2239,0,0,0,0,0,0,0,0.115488763,0,0
ASV_2240,0,0,0,0,0,0,0,0.051109921,0.094199199,0
ASV_2257,0.008488244,0,0.004912412,0.102864853,0,0,0,0,0,0
ASV_2261,0,0,0.022597094,0,0,0,0,0.043738298,0,0.021805409
ASV_2262,0.003994468,0.142008663,0,0.014027025,0,0,0,0.020640545,0,0
ASV_2264,0,0,0,0.152961372,0,0,0,0,0,0
ASV_2269,0,0,0,0,0,0,0,0.014743246,0.004314467,0.004757544
ASV_2271,0,0,0,0,0,0,0,0,0,0.09039333
ASV_2272,0,0,0,0.110880296,0.062034739,0,0,0,0,0
ASV_2276,0,0,0.013263512,0.019370654,0.232630273,0,0,0.030469376,0,0.008325701
ASV_2278,0,0,0,0,0,0,0,0.01916622,0,0
ASV_2288,0,0,0,0.150957511,0,0,0,0,0,0
ASV_2289,0,0,0,0,0,0,0,0,0,0.089600406
ASV_2297,0,0,0,0.006011582,0,0,0,0,0,0.017444327
ASV_2299,0,0,0,0,0,0,0,0,0,0.007929239
ASV_2302,0,0,0,0.008683397,0,0,0,0.079122089,0,0
ASV_2303,0,0,0,0,0,0.040625369,0,0.028995051,0,0.052729442
ASV_2315,0.020970955,0,0.035369364,0.072138988,0,0,0,0,0,0
ASV_2318,0,0,0,0.006011582,0,0,0,0.003931532,0,0
ASV_2324,0.01298202,0,0.072212452,0.026718144,0,0,0,0,0.005033545,0
ASV_2325,0,0,0,0,0,0,0,0.10811714,0,0
ASV_2330,0,0,0.10070444,0,0,0,0,0,0,0
ASV_2331,0.010485478,0,0,0.058779916,0,0,0,0,0,0
ASV_2337,0,0,0,0,0,0,0,0,0,0.068984383
ASV_2338,0,0,0,0,0,0,0,0.063395959,0.048178216,0
ASV_2345,0,0,0,0,0,0,0,0,0,0.010308011
ASV_2346,0.088876905,0,0,0.024714283,0,0,0,0,0,0
ASV_2347,0,0.03572545,0.003438688,0.031393819,0.938275434,0,0,0,0,0
ASV_2355,0,0.191131157,0,0,0,0,0,0,0,0
ASV_2366,0,0,0,0,0,0,0,0,0,0.006343392
ASV_2388,0.029958507,0,0.073194934,0,0,0,0,0,0,0
ASV_2392,0.011983403,0.099138124,0.007368618,0.038741308,0,0,0,0,0,0
ASV_2402,0.003495159,0,0,0.110212342,0.178349876,0,0,0.003440091,0.003595389,0
ASV_2406,0,0.158978252,0.004421171,0.007347489,0,0,0,0,0,0
ASV_2414,0,0,0,0,0,0,0,0,0.122962313,0
ASV_2418,0.008987552,0,0.077124864,0,0,0,0,0.007863065,0,0
ASV_2419,0.015977871,0,0,0.018034747,0,0,0.028989045,0,0.023729569,0
ASV_2422,0,0,0.099721957,0,0,0,0,0,0,0
ASV_2432,0.01947303,0,0,0.100860992,0,0,0,0,0,0
ASV_2456,0,0,0,0,0,0.022278428,0,0,0,0
ASV_2457,0,0,0.022597094,0,0,0,0,0,0,0
ASV_2464,0,0,0,0,0,0,0,0.017200454,0.074784097,0.023391256
ASV_2472,0,0,0,0,0,0,0,0,0,0.057883448
ASV_2473,0,0,0.009333582,0,0,0,0,0,0,0
ASV_2479,0,0.023221542,0,0.11355211,0,0,0,0,0,0
ASV_2480,0,0,0,0,0,0,0,0.045212622,0,0.041232045
ASV_2488,0,0,0,0,0,0,0,0,0,0.058676372
ASV_2489,0.080388662,0,0,0,0,0,0,0.016709013,0,0
ASV_2494,0,0,0,0.018702701,0,0,0,0,0,0
ASV_2502,0,0,0,0,0,0.25030469,0,0,0,0
ASV_2504,0,0,0,0,0,0,0,0.046195505,0,0.039646197
ASV_2508,0,0,0.004912412,0,0,0,0.016783131,0.017691896,0.002876311,0
ASV_2511,0,0,0.050597841,0,0,0,0,0,0,0
ASV_2512,0,0,0.026035782,0.093513503,0,0,0,0,0,0
ASV_2521,0.004493776,0,0,0,0,0,0,0.030469376,0.006471701,0
ASV_2522,0.095867224,0,0,0,0,0,0,0,0,0
ASV_2527,0.015478562,0,0,0.099525085,0,0,0,0.005405857,0,0
ASV_2528,0,0,0.02112337,0.098857131,0,0,0,0,0,0
ASV_2529,0,0,0,0.112884157,0.170595533,0,0,0,0,0
ASV_2533,0.031456433,0.058946992,0,0,0,0,0,0,0,0
ASV_2534,0.035950209,0.083061671,0.012281029,0,0,0,0,0,0,0
ASV_2545,0.002496542,0.005358817,0.005403653,0.004007722,0,0,0.05797809,0.002457208,0,0
ASV_2547,0,0,0,0.125575275,0,0,0,0,0,0
ASV_2557,0.013980637,0,0,0.088837828,0,0,0,0,0,0.002775234
ASV_2561,0.042940527,0,0.021614611,0,0,0,0,0,0,0
ASV_2572,0,0,0,0,0,0,0,0.031452259,0,0.041628507
ASV_2573,0.084383129,0,0,0,0,0,0,0,0,0.006343392
ASV_2579,0.022968189,0.05001563,0.027018264,0,0,0,0.010680175,0,0,0
ASV_2581,0,0,0,0,0,0.05241983,0,0.070767583,0,0
ASV_2587,0.056921164,0.029473496,0,0,0,0,0,0.017691896,0,0
ASV_2596,0,0,0.016210959,0.058779916,0.209367246,0,0,0,0,0
ASV_2598,0.010485478,0,0,0,0,0,0,0,0,0
ASV_2599,0,0,0,0.121567553,0,0,0,0,0,0
ASV_2610,0,0,0,0.1208996,0,0,0,0,0,0
ASV_2622,0.035450901,0.029473496,0.024562058,0.013359072,0,0,0,0,0,0
ASV_2623,0.003994468,0,0,0.062119684,0.5117866,0,0,0,0,0.005154006
ASV_2627,0,0,0,0.117559832,0,0,0,0,0,0
ASV_2628,0,0,0,0,0,0,0.196820359,0.013268922,0.002876311,0.007532777
ASV_2633,0,0.011610771,0.018175923,0,0,0,0,0,0,0
ASV_2641,0,0,0,0,0,0.065524788,0,0,0,0.023391256
ASV_2642,0.028959891,0,0.04617667,0,0,0,0,0.01277748,0,0
ASV_2651,0.004493776,0.02858036,0.060913905,0.005343629,0,0,0,0,0,0
ASV_2657,0,0,0.052071564,0.017366793,0,0,0,0,0,0
ASV_2660,0,0,0,0,0,0,0,0.005405857,0,0.002378772
ASV_2664,0,0,0,0,0,0,0,0.08600227,0,0
ASV_2675,0,0,0.008842341,0,0,0,0,0,0,0
ASV_2679,0,0.013397044,0,0,0,0,0,0,0.055368995,0
ASV_2680,0,0,0,0,0,0,0,0,0,0.068587921
ASV_2687,0,0,0.068282523,0,0,0,0,0,0,0
ASV_2689,0,0,0.084493481,0,0,0,0,0,0,0
ASV_2690,0,0,0,0.114888018,0,0,0,0,0,0
ASV_2701,0,0,0.034878123,0.040077215,0,0,0,0.006880182,0.005033545,0
ASV_2703,0,0,0.0083511,0,0,0.057661813,0,0.049635596,0,0
ASV_2704,0,0.037511722,0.047650393,0.016030886,0,0,0,0.003440091,0,0
ASV_2710,0.006990318,0,0,0.016030886,0,0,0,0,0,0
ASV_2711,0,0.150940026,0,0,0,0,0,0,0,0
ASV_2717,0,0,0.003438688,0.012023165,0,0,0,0,0,0
ASV_2721,0,0,0,0.071471034,0,0,0,0,0,0
ASV_2722,0,0,0.0167022,0.042081076,0,0,0,0,0,0
ASV_2725,0,0,0,0.020038608,0,0,0,0,0,0
ASV_2728,0.046435687,0,0,0,0.108560794,0,0,0,0.009348012,0.018633713
ASV_2729,0.020471647,0,0,0.084162152,0,0,0,0,0,0
ASV_2730,0,0.058946992,0,0.067463313,0,0,0,0,0,0
ASV_2736,0,0,0,0.094181456,0,0,0,0,0,0
ASV_2738,0,0,0,0,0,0,0.079338439,0.00638874,0.004314467,0
ASV_2740,0,0,0,0,0,0,0,0.042755414,0.047459138,0
ASV_2742,0,0,0,0,0,0,0,0,0,0.027355876
ASV_2750,0.082385896,0,0,0,0,0,0,0,0,0
ASV_2755,0.024965423,0.032152905,0.021614611,0.016030886,0,0,0,0,0,0
ASV_2760,0,0,0.008842341,0.097521224,0,0,0,0,0,0
ASV_2761,0,0,0.001473724,0.096185317,0,0,0,0.008354506,0,0
ASV_2762,0,0,0,0,0,0,0,0,0,0.065019764
ASV_2774,0.017975104,0,0,0,0,0,0,0,0.071907785,0.010704473
ASV_2780,0,0,0.018667164,0.047424705,0,0,0,0,0,0
ASV_2782,0,0,0,0,0,0,0,0.016217571,0,0
ASV_2793,0.014979254,0,0.036351847,0,0,0,0,0,0,0.001585848
ASV_2795,0,0,0.078598587,0,0,0,0,0,0,0
ASV_2801,0.015977871,0,0.031439435,0,0,0,0,0,0,0
ASV_2811,0,0,0,0,0,0.20705833,0,0,0,0
ASV_2816,0.004493776,0,0,0.006011582,0,0,0,0.005897299,0,0
ASV_2817,0,0.040191131,0,0,0,0,0,0,0,0
ASV_2825,0.078391428,0,0,0,0,0,0,0,0,0
ASV_2835,0,0,0,0,0,0,0,0,0,0.061055144
ASV_2838,0,0,0,0.10420076,0,0,0,0,0,0
ASV_2844,0.001497925,0,0,0,0,0,0.028989045,0.002948649,0.008628934,0.003568158
ASV_2847,0,0,0.065826317,0,0,0,0,0,0,0
ASV_2861,0,0,0,0,0,0.007862975,0,0,0,0.022994794
ASV_2871,0,0,0,0,0,0,0,0,0,0.048368361
ASV_2873,0,0,0.008842341,0.089505781,0,0,0,0,0,0
ASV_2888,0,0,0,0.100860992,0,0,0,0,0,0
ASV_2889,0,0,0,0.100860992,0,0,0,0,0,0
ASV_2900,0,0,0,0,0,0,0,0,0.107861678,0
ASV_2911,0.014979254,0,0.009824823,0.036069494,0,0,0,0,0,0
ASV_2916,0,0,0.009333582,0,0,0.083871729,0,0,0,0
ASV_2923,0,0.013397044,0.031930676,0,0,0,0,0,0,0
ASV_2935,0,0,0.005894894,0.008015443,0,0,0.027463306,0.034400908,0.010786168,0.00396462
ASV_2937,0,0.018755861,0.029965711,0.038741308,0,0,0,0,0,0
ASV_2939,0.072899035,0,0,0,0,0,0,0,0,0
ASV_2947,0,0,0.07122997,0,0,0,0,0,0,0
ASV_2955,0.031456433,0,0,0,0,0,0,0,0.043144671,0.008325701
ASV_2956,0,0,0,0,0,0,0,0.070767583,0,0
ASV_2969,0.007489627,0,0.01277227,0.000667954,0.341191067,0,0,0.001474325,0.003595389,0
ASV_2970,0.000998617,0,0.001964965,0.002003861,0.597084367,0,0,0,0.009348012,0
ASV_2971,0.046934995,0,0,0.030725865,0,0,0,0,0,0
ASV_2973,0,0,0.027509506,0.010687257,0.155086849,0,0,0,0,0
ASV_2990,0,0.027687224,0.0250533,0.008683397,0,0,0,0,0,0
ASV_2992,0,0,0.069756246,0,0,0,0,0,0,0
ASV_2993,0,0,0.069756246,0,0,0,0,0,0,0
ASV_3001,0,0,0,0,0,0,0,0,0,0.021408947
ASV_3002,0,0,0,0,0,0,0,0,0,0.027752338
ASV_3006,0.015478562,0,0.013263512,0,0,0,0,0,0,0
ASV_3028,0,0,0,0,0,0,0,0.059955869,0,0
ASV_3029,0.011484095,0.084847944,0.010316065,0,0,0,0,0,0,0
ASV_3034,0,0.005358817,0,0.006679536,0,0,0,0,0,0
ASV_3046,0,0,0,0,0,0,0,0.004422974,0,0.004757544
ASV_3048,0,0,0.005403653,0.014694979,0,0,0,0.018674779,0,0
ASV_3064,0,0,0.055510252,0.00935135,0,0,0,0,0,0
ASV_3070,0,0.117000848,0,0,0,0,0,0,0,0
ASV_3072,0,0.089313625,0.017193441,0,0,0,0,0,0,0
ASV_3073,0,0,0,0.090173735,0,0,0,0,0,0
ASV_3090,0,0,0,0,0,0.175606432,0,0,0,0
ASV_3102,0.044438453,0,0.000982482,0,0,0,0.015257392,0,0.004314467,0
ASV_3105,0,0,0.017193441,0.037405401,0,0,0,0,0,0
ASV_3107,0,0,0,0,0,0,0,0.026046402,0,0
ASV_3110,0,0.017862725,0,0.075478756,0,0,0,0,0,0
ASV_3111,0,0,0.065335076,0,0,0,0,0,0,0
ASV_3117,0,0,0,0,0,0,0,0.010320272,0,0
ASV_3129,0,0,0,0.032729726,0,0,0,0,0,0
ASV_3131,0,0,0,0,0,0,0,0,0,0.009118625
ASV_3132,0.012482711,0,0,0.071471034,0,0,0,0,0,0
ASV_3133,0,0,0,0,1.023573201,0,0,0,0,0
ASV_3138,0.007489627,0.033046041,0.011298547,0.024714283,0,0,0,0,0,0
ASV_3148,0,0,0,0,0,0,0,0.055041453,0.013662479,0
ASV_3151,0.009986169,0,0,0.055440148,0,0,0,0,0,0
ASV_3154,0.009486861,0,0.046667911,0,0,0,0,0,0,0
ASV_3155,0.015977871,0.044656812,0,0.032061772,0,0,0,0,0,0
ASV_3156,0,0,0,0.086833967,0,0,0,0,0,0
ASV_3166,0,0,0,0,0.155086849,0,0,0,0,0
ASV_3172,0,0,0.063370111,0,0,0,0,0,0,0
ASV_3187,0,0,0.037334329,0,0,0,0,0,0,0
ASV_3190,0,0,0,0,0,0,0,0,0,0.00594693
ASV_3191,0,0,0,0,0,0,0,0.013268922,0,0.014669093
ASV_3192,0,0.022328406,0.035860605,0.020038608,0,0,0,0,0,0
ASV_3202,0,0,0.062387629,0,0,0,0,0,0,0
ASV_3203,0,0,0.009824823,0.049428566,0.2558933,0,0,0,0,0
ASV_3218,0.01298202,0.011610771,0,0,0,0,0.027463306,0.028012168,0.008628934,0
ASV_3219,0,0.022328406,0,0.067463313,0,0,0,0,0,0
ASV_3227,0.01298202,0,0,0,0,0,0,0,0,0
ASV_3235,0,0.013397044,0.013263512,0.019370654,0.131823821,0,0.018308871,0,0.002876311,0
ASV_3236,0.041442602,0,0.006386135,0.019370654,0,0,0,0,0,0
ASV_3237,0.03245505,0.023221542,0,0.022710422,0,0,0,0,0,0
ASV_3238,0,0,0,0.083494199,0,0,0,0,0,0
ASV_3239,0,0,0,0.083494199,0,0,0,0,0,0
ASV_3245,0.011484095,0,0.003929929,0,0,0,0,0,0,0
ASV_3250,0.002995851,0.039297995,0,0.026718144,0.170595533,0,0,0.001474325,0,0
ASV_3251,0,0.005358817,0.053054046,0.006679536,0,0,0,0,0,0
ASV_3252,0,0,0.015719717,0,0,0,0,0.033909467,0.016538791,0
ASV_3253,0,0,0.007368618,0,0.465260546,0,0.016783131,0.018674779,0,0
ASV_3254,0,0,0,0.082826245,0,0,0,0,0,0
ASV_3272,0.01298202,0,0.019649647,0,0,0,0,0.006880182,0,0
ASV_3276,0.047434303,0,0.002456206,0.014694979,0,0,0,0,0,0
ASV_3277,0.04194191,0.033939177,0,0,0,0,0,0,0,0
ASV_3278,0,0,0,0.081490338,0,0,0,0,0,0
ASV_3281,0,0,0.032913158,0,0,0.015725949,0,0,0,0.002378772
ASV_3283,0.007988935,0,0,0,0,0,0,0,0,0
ASV_3284,0,0,0.023579576,0,0,0,0,0,0,0.019823099
ASV_3285,0.023467498,0.039297995,0.014737235,0,0,0,0,0,0,0
ASV_3286,0,0.004465681,0.004912412,0.070803081,0,0,0,0,0,0
ASV_3287,0,0,0.059440182,0,0,0,0,0,0,0
ASV_3288,0,0,0.018175923,0.056108102,0,0,0,0,0,0
ASV_3300,0.047434303,0,0,0,0,0,0,0,0,0
ASV_3301,0,0,0.05894894,0,0,0,0,0,0,0
ASV_3302,0,0,0.05894894,0,0,0,0,0,0,0
ASV_3312,0,0,0,0,0,0.048488343,0,0,0,0
ASV_3313,0,0,0,0.079486477,0,0,0,0,0,0
ASV_3314,0,0,0,0,0,0,0.074761222,0,0,0.027752338
ASV_3324,0,0,0,0,0,0,0,0,0,0.034888654
ASV_3325,0.017475796,0,0.040773017,0,0,0,0,0,0,0
ASV_3326,0,0,0,0.078818524,0,0,0,0,0,0
ASV_3344,0.002995851,0,0.043720464,0.004675675,0.116315136,0,0,0,0,0
ASV_3350,0.010984786,0,0,0.024046329,0,0,0,0,0,0
ASV_3352,0.013980637,0,0.014245994,0.028722004,0,0,0,0,0,0.001189386
ASV_3360,0.00649101,0.010717635,0.016210959,0.012023165,0,0,0,0,0,0
ASV_3362,0.003994468,0.087527352,0,0,0,0,0.015257392,0,0,0
ASV_3363,0,0,0,0.071471034,0.069789082,0,0,0,0,0
ASV_3372,0.004493776,0,0.044702946,0,0,0,0,0,0,0
ASV_3374,0.052926697,0,0,0,0,0,0,0,0,0
ASV_3376,0.057420473,0,0,0,0,0,0,0,0,0
ASV_3377,0,0.006251954,0.028983229,0.032729726,0,0,0,0,0,0
ASV_3378,0,0,0.056492735,0,0,0,0,0,0,0
ASV_3379,0,0,0.055019011,0,0.023263027,0,0,0,0,0
ASV_3380,0,0,0.030948194,0,0.403225806,0,0,0,0,0
ASV_3387,0,0,0,0,0,0,0,0.007863065,0,0.005154006
ASV_3390,0.015977871,0,0,0.054772194,0,0,0,0,0,0
ASV_3400,0,0,0,0,0,0,0,0,0.051054528,0.004757544
ASV_3402,0,0,0.015228476,0,0,0,0,0.036858116,0,0
ASV_3403,0,0,0,0,0,0,0.099173049,0,0.034515737,0
ASV_3426,0,0,0,0,0,0,0.016783131,0.006880182,0,0.033302806
ASV_3433,0,0,0,0.042081076,0,0,0,0,0,0
ASV_3445,0.001997234,0.005358817,0.034386882,0.020706561,0,0,0,0,0,0
ASV_3446,0,0,0,0,0,0,0,0,0,0.044007279
ASV_3457,0,0,0.003438688,0,0,0.017036445,0,0,0.029482192,0
ASV_3461,0,0.080382262,0.001473724,0.006011582,0,0,0,0,0,0
ASV_3465,0.015478562,0,0.027018264,0.016030886,0,0,0,0,0,0
ASV_3466,0,0,0,0.073474895,0,0,0,0,0,0
ASV_3479,0.032954358,0,0.003929929,0.015362933,0.054280397,0,0.007628696,0,0,0
ASV_3480,0,0,0,0,0,0,0,0,0.078379486,0
ASV_3498,0.004493776,0,0.031930676,0,0,0,0,0,0,0
ASV_3499,0,0,0,0,0,0,0,0.00638874,0,0.037663887
ASV_3518,0,0,0,0,0,0,0.022886088,0.02211487,0,0.00594693
ASV_3525,0.004993085,0.016076452,0,0.047424705,0,0,0,0,0,0
ASV_3532,0,0,0.048141635,0,0,0,0,0,0,0
ASV_3536,0.03245505,0,0.003929929,0.008015443,0.124069479,0,0,0.002457208,0,0
ASV_3537,0,0,0,0,0,0,0,0,0.076222253,0
ASV_3558,0,0,0.017684682,0.026718144,0.178349876,0,0,0,0,0
ASV_3561,0.039445368,0,0.009824823,0,0,0,0,0,0,0.002378772
ASV_3562,0.005991701,0.025900951,0.006877376,0.030057912,0,0,0,0.002457208,0,0
ASV_3579,0,0.03572545,0,0,0,0,0,0,0.039549282,0
ASV_3581,0,0,0,0,0,0.027520411,0,0.0319437,0,0
ASV_3582,0.037448134,0,0,0.019370654,0,0,0,0,0,0
ASV_3583,0,0,0.051089082,0,0,0,0,0,0,0
ASV_3584,0,0,0.051089082,0,0,0,0,0,0,0
ASV_3594,0,0.005358817,0,0.055440148,0,0.013104958,0,0,0,0
ASV_3607,0.051428771,0,0,0,0,0,0,0,0,0
ASV_3608,0.030457816,0,0,0.028054051,0,0,0,0,0,0
ASV_3609,0.004993085,0,0.011298547,0,0.54280397,0,0,0,0,0
ASV_3615,0,0,0,0,0,0,0,0,0.008628934,0.007929239
ASV_3624,0,0,0,0,0,0,0,0,0,0.028941724
ASV_3625,0,0,0,0,0,0,0,0,0.036672971,0
ASV_3626,0,0,0,0,0,0.035383386,0,0.013760363,0.007190779,0.007532777
ASV_3628,0,0,0,0.068131266,0,0,0,0,0,0
ASV_3644,0,0,0,0,0,0.014415453,0,0.013268922,0.003595389,0.009515087
ASV_3649,0.020471647,0,0.020140888,0,0,0,0.028989045,0,0,0
ASV_3650,0,0,0,0.067463313,0,0,0,0,0,0
ASV_3651,0,0,0,0,0,0,0,0,0,0.040042659
ASV_3663,0.008987552,0,0.028000747,0,0,0,0,0,0,0
ASV_3665,0,0,0,0,0,0,0,0.01916622,0,0
ASV_3668,0,0,0,0,0,0.072077267,0,0.014251805,0,0
ASV_3669,0,0,0,0.066795359,0,0,0,0,0,0
ASV_3679,0,0,0.035369364,0,0,0,0,0.007371623,0,0
ASV_3681,0.016477179,0,0,0,0,0,0,0,0,0
ASV_3686,0,0.004465681,0.010316065,0,0,0,0,0,0,0
ASV_3709,0.005991701,0,0,0.010019304,0,0,0,0,0,0
ASV_3714,0,0.076809717,0,0,0,0,0,0,0,0
ASV_3718,0,0,0.003438688,0,0,0,0,0.004422974,0,0.014669093
ASV_3719,0.04843292,0,0,0,0,0,0,0,0,0
ASV_3720,0,0,0.018175923,0.040077215,0,0,0,0,0,0
ASV_3733,0.009486861,0,0,0,0,0,0,0,0,0
ASV_3744,0,0,0,0,0,0,0,0.003931532,0.023010491,0.006739854
ASV_3745,0,0,0,0,0,0,0,0,0,0.03607804
ASV_3746,0.011484095,0.013397044,0.012281029,0.022042468,0,0,0,0,0,0
ASV_3747,0,0,0.047159152,0,0,0,0,0,0,0
ASV_3748,0,0,0,0,0,0,0,0,0,0.038060349
ASV_3761,0,0,0,0.060783777,0,0,0,0,0,0
ASV_3762,0.002496542,0,0.017684682,0,0,0,0,0,0,0
ASV_3765,0,0,0.002456206,0.011355211,0,0,0,0,0,0
ASV_3770,0,0.034832314,0,0.023378376,0.108560794,0,0,0,0,0
ASV_3771,0,0,0.046667911,0,0,0,0,0,0,0
ASV_3772,0,0,0.046667911,0,0,0,0,0,0,0
ASV_3773,0,0,0,0.063455591,0,0,0,0,0,0
ASV_3781,0.008488244,0,0,0,0,0,0,0,0,0
ASV_3788,0.007988935,0,0.001473724,0.001335907,0,0,0,0,0.001438156,0
ASV_3792,0.007988935,0,0.020632129,0,0.124069479,0,0,0,0,0
ASV_3794,0.009486861,0,0.020140888,0.022710422,0,0,0,0,0,0
ASV_3795,0,0,0.002947447,0.032061772,0.310173697,0,0,0,0,0
ASV_3809,0,0,0,0.056108102,0,0,0,0,0,0
ASV_3814,0,0,0.027509506,0,0,0,0,0,0,0
ASV_3818,0,0,0,0,0,0,0,0.033909467,0,0
ASV_3822,0,0,0,0.062119684,0,0,0,0,0,0
ASV_3831,0,0,0,0.022042468,0,0,0,0,0,0
ASV_3842,0,0.004465681,0,0.039409262,0.217121588,0,0,0,0,0
ASV_3861,0.007489627,0,0.004912412,0.013359072,0,0,0,0,0,0
ASV_3871,0.004493776,0,0,0.051432426,0,0,0,0,0,0
ASV_3876,0,0,0.023579576,0,0,0,0,0,0,0
ASV_3877,0.012482711,0,0,0.00935135,0,0,0.013731653,0,0,0
ASV_3882,0,0.080382262,0,0,0,0,0,0,0,0
ASV_3883,0,0.008931362,0,0.045420844,0,0,0,0.005897299,0,0
ASV_3884,0,0,0,0,0,0,0,0,0,0.007136316
ASV_3898,0,0,0.036843088,0,0,0,0,0,0,0
ASV_3906,0,0,0,0,0,0,0,0,0,0.008325701
ASV_3907,0.004493776,0.020542134,0,0.038073355,0,0,0,0,0,0
ASV_3908,0,0,0.040281776,0,0,0,0,0,0.005033545,0
ASV_3909,0,0,0,0.05944787,0,0,0,0,0,0
ASV_3910,0,0,0,0.019370654,0.465260546,0,0,0,0,0
ASV_3911,0,0,0,0,0,0.030141402,0,0,0,0.02616649
ASV_3912,0,0,0,0,0,0,0,0.031452259,0.017976946,0
ASV_3929,0,0,0,0.058779916,0,0,0,0,0,0
ASV_3948,0,0,0,0.013359072,0,0,0,0,0,0
ASV_3950,0,0,0.003929929,0.046756751,0,0,0,0,0,0
ASV_3951,0.043439836,0,0,0,0,0,0,0,0,0
ASV_3952,0,0.00714509,0,0.052768334,0,0,0,0,0,0
ASV_3953,0,0,0.028000747,0,0.232630273,0,0,0,0,0
ASV_3954,0,0,0,0,0,0,0,0,0,0.034492192
ASV_3963,0,0,0.003929929,0,0,0,0,0,0,0.026562952
ASV_3977,0,0,0.020632129,0,0,0,0,0,0,0
ASV_3979,0.013980637,0,0.003438688,0.006011582,0.240384615,0,0,0.005405857,0,0
ASV_3980,0,0,0.042246741,0,0,0,0,0,0,0
ASV_3981,0,0,0.039790535,0,0,0,0,0,0,0
ASV_3983,0,0,0,0.057444009,0,0,0,0,0,0
ASV_3988,0,0,0.028491988,0,0,0,0,0,0,0
ASV_3995,0.002496542,0,0.023579576,0.018702701,0,0,0,0,0,0
ASV_4001,0,0.055374447,0,0,0,0,0,0,0,0
ASV_4003,0.042441219,0,0,0,0,0,0,0,0,0
ASV_4004,0,0,0.041755499,0,0,0,0,0,0,0
ASV_4005,0,0,0.035369364,0,0.100806452,0,0,0,0,0
ASV_4028,0,0,0,0,0,0,0.018308871,0,0,0.009118625
ASV_4030,0,0,0.041264258,0,0,0,0,0,0,0
ASV_4059,0,0,0.0167022,0,0,0,0,0.010320272,0.014381557,0
ASV_4063,0,0.074130309,0,0,0,0,0,0,0,0
ASV_4064,0,0,0,0.022710422,0.379962779,0,0,0,0,0
ASV_4065,0,0,0,0,0,0,0,0,0.059683462,0
ASV_4066,0,0,0,0,0,0,0,0,0,0.032906344
ASV_4071,0,0,0.004912412,0.042081076,0,0,0,0,0,0
ASV_4078,0,0,0.024070817,0,0.155086849,0,0,0,0,0
ASV_4085,0.034452284,0,0.001473724,0.006679536,0,0,0,0,0,0
ASV_4086,0,0.006251954,0.024562058,0.01669884,0,0,0,0,0,0
ASV_4087,0,0,0,0.054772194,0,0,0,0,0,0
ASV_4104,0,0,0.025544541,0,0,0,0,0,0,0
ASV_4107,0,0,0,0.050764473,0,0,0,0,0,0
ASV_4112,0.014979254,0,0,0,0,0,0,0,0,0.020219561
ASV_4113,0.010984786,0,0.026035782,0.004007722,0,0,0,0,0,0
ASV_4114,0.009986169,0,0,0.040745169,0,0,0,0,0,0
ASV_4115,0,0,0.039790535,0,0,0,0,0,0,0
ASV_4116,0,0,0,0,0,0,0,0,0,0.03211342
ASV_4130,0,0,0,0,0,0,0,0,0,0.02418418
ASV_4138,0,0,0,0,0,0,0,0,0,0.007532777
ASV_4139,0,0,0,0,0,0,0,0,0,0.011893859
ASV_4144,0,0.038404859,0.018175923,0,0,0,0,0,0,0
ASV_4145,0,0.024114679,0,0.03540154,0,0,0,0,0,0
ASV_4146,0,0,0.039299294,0,0,0,0,0,0,0
ASV_4170,0,0,0,0.020706561,0,0,0,0.023589194,0,0
ASV_4171,0,0,0,0,0,0,0,0.038823882,0,0
ASV_4177,0,0,0.010316065,0,0,0,0,0,0,0
ASV_4190,0.015478562,0,0,0.012023165,0,0,0,0,0,0
ASV_4199,0,0,0,0,0,0,0,0.010811714,0,0.022201871
ASV_4205,0,0,0,0.050096519,0,0,0,0,0,0
ASV_4206,0,0,0,0.006011582,0,0,0,0.016709013,0,0
ASV_4224,0,0,0.03782557,0,0,0,0,0,0,0
ASV_4225,0,0,0.03782557,0,0,0,0,0,0,0
ASV_4234,0,0,0.013263512,0.022042468,0.03101737,0,0,0,0,0
ASV_4243,0,0,0,0,0,0,0,0.02211487,0,0
ASV_4244,0,0,0.035860605,0,0,0,0,0,0,0
ASV_4245,0.037947443,0,0,0,0,0,0,0,0,0
ASV_4246,0,0,0.028491988,0,0.139578164,0,0,0,0,0
ASV_4247,0,0,0.013263512,0.032729726,0,0,0,0,0,0
ASV_4248,0,0,0.007368618,0.040745169,0,0,0,0,0,0
ASV_4249,0,0,0,0.050764473,0,0,0,0,0,0
ASV_4250,0,0,0,0,0,0,0,0,0,0.03013111
ASV_4259,0,0,0,0.040745169,0,0,0,0,0,0
ASV_4271,0,0,0,0,0,0,0,0.020640545,0,0
ASV_4279,0,0,0,0.038073355,0,0,0,0,0,0
ASV_4298,0.004993085,0.037511722,0.010807306,0,0,0,0,0,0,0
ASV_4332,0.036449517,0,0,0,0,0,0,0,0,0
ASV_4333,0,0.048229357,0.003438688,0.008015443,0,0,0,0,0,0
ASV_4334,0,0.009824499,0.018667164,0.010019304,0,0,0,0,0.006471701,0
ASV_4335,0,0,0,0,0,0,0,0.035875233,0,0
ASV_4343,0.001997234,0,0,0.008015443,0,0,0,0,0,0
ASV_4351,0.010984786,0,0,0.03339768,0,0,0,0,0,0
ASV_4352,0,0,0.035369364,0,0,0,0,0,0,0
ASV_4353,0,0,0,0,0,0,0,0.008845948,0,0.021408947
ASV_4365,0,0,0.027509506,0,0,0,0,0,0,0
ASV_4378,0,0.013397044,0.007859859,0.018034747,0,0,0,0,0,0
ASV_4379,0,0,0.0334044,0,0,0,0,0,0,0
ASV_4383,0.009486861,0.022328406,0.010807306,0,0,0,0,0,0,0
ASV_4394,0,0,0,0,0,0,0,0,0,0.008325701
ASV_4396,0.035450901,0,0,0,0,0,0,0,0,0
ASV_4397,0,0,0.005403653,0,0,0,0,0.018674779,0.015819713,0
ASV_4398,0,0,0,0.047424705,0,0,0,0,0,0
ASV_4399,0,0,0,0.047424705,0,0,0,0,0,0
ASV_4400,0,0,0,0.047424705,0,0,0,0,0,0
ASV_4401,0,0,0,0,0,0,0,0.03489235,0,0
ASV_4402,0,0,0,0,0,0,0,0,0.051054528,0
ASV_4424,0,0,0,0,0,0,0,0,0,0.019426637
ASV_4426,0.028959891,0,0,0,0,0,0,0,0,0
ASV_4428,0.005492393,0,0,0.039409262,0,0,0,0,0,0
ASV_4429,0,0.00714509,0,0.036069494,0.062034739,0,0,0,0,0
ASV_4445,0,0,0,0.014027025,0,0,0,0,0,0
ASV_4453,0,0,0,0.02605019,0.209367246,0,0,0,0,0
ASV_4454,0,0,0.002947447,0.042081076,0,0,0,0,0,0
ASV_4455,0,0,0,0.046088798,0,0,0,0,0,0
ASV_4456,0,0,0,0.046088798,0,0,0,0,0,0
ASV_4457,0,0,0,0.046088798,0,0,0,0,0,0
ASV_4458,0,0,0,0,0,0,0,0.016217571,0,0.014272631
ASV_4470,0.025464731,0,0,0,0,0,0,0,0,0
ASV_4482,0,0,0.020632129,0.00935135,0,0,0,0,0,0
ASV_4485,0,0,0.015228476,0,0,0,0,0.014743246,0,0
ASV_4500,0.005492393,0.044656812,0.003438688,0,0,0,0,0,0,0
ASV_4501,0,0,0.011789788,0.021374515,0,0,0,0,0,0
ASV_4502,0,0,0,0.045420844,0,0,0,0,0,0
ASV_4503,0,0,0,0,0,0,0,0.033418025,0,0
ASV_4516,0,0,0,0,0,0,0.021360349,0.011794597,0,0.00396462
ASV_4529,0.033453667,0,0,0,0,0,0,0,0,0
ASV_4530,0,0.030366632,0,0,0,0,0,0,0.023729569,0
ASV_4532,0,0,0,0,0,0,0,0,0,0.026562952
ASV_4565,0,0,0.032421917,0,0,0,0,0,0,0
ASV_4566,0,0,0,0.044084937,0,0,0,0,0,0
ASV_4592,0,0,0.027509506,0.003339768,0,0,0,0,0,0
ASV_4594,0,0,0.031930676,0,0,0,0,0,0,0
ASV_4595,0,0,0.019158406,0,0,0,0,0.01277748,0,0
ASV_4630,0.008488244,0,0,0,0.364454094,0,0,0,0,0
ASV_4631,0,0,0.031439435,0,0,0,0,0,0,0
ASV_4632,0,0,0,0.04274903,0,0,0,0,0,0
ASV_4634,0,0,0,0.022042468,0,0,0,0,0,0
ASV_4635,0,0,0,0,0,0,0,0.031452259,0,0
ASV_4671,0.031456433,0,0,0,0,0,0,0,0,0
ASV_4672,0.005492393,0,0,0,0,0,0.009154435,0.020149103,0.003595389,0
ASV_4673,0,0,0.030948194,0,0,0,0,0,0,0
ASV_4674,0,0,0.030948194,0,0,0,0,0,0,0
ASV_4675,0,0,0,0,0,0,0,0,0.045301905,0
ASV_4676,0,0,0,0,0,0,0,0,0,0.024977104
ASV_4688,0,0,0.002456206,0,0,0,0.036617741,0,0,0
ASV_4706,0,0,0.001473724,0.039409262,0,0,0,0,0,0
ASV_4707,0,0,0,0.041413123,0,0,0,0,0,0
ASV_4708,0,0,0,0,0,0,0,0,0,0.024580642
ASV_4748,0,0,0,0.040745169,0,0,0,0,0,0
ASV_4749,0,0,0,0.040745169,0,0,0,0,0,0
ASV_4750,0,0,0,0,0,0,0,0,0,0.02418418
ASV_4751,0,0,0,0,0,0,0,0,0,0.02418418
ASV_4762,0,0,0.011298547,0,0,0,0,0,0,0
ASV_4784,0,0.00714509,0,0.010687257,0,0,0,0,0,0
ASV_4785,0,0,0.009333582,0,0,0,0,0,0,0.002775234
ASV_4786,0,0,0,0,0,0,0,0,0,0.007136316
ASV_4788,0,0.010717635,0,0,0,0,0,0,0.021572336,0
ASV_4793,0.029958507,0,0,0,0,0,0,0,0,0
ASV_4795,0.029958507,0,0,0,0,0,0,0,0,0
ASV_4796,0.029958507,0,0,0,0,0,0,0,0,0
ASV_4797,0.008987552,0,0.009824823,0.014694979,0,0,0,0,0,0
ASV_4798,0,0,0.02947447,0,0,0,0,0,0,0
ASV_4799,0,0,0.02947447,0,0,0,0,0,0,0
ASV_4800,0,0,0.025544541,0,0,0,0,0,0,0.003171696
ASV_4801,0,0,0.016210959,0,0.209367246,0,0,0,0,0
ASV_4802,0,0,0.0083511,0.008015443,0.240384615,0,0,0,0,0
ASV_4803,0,0,0,0,0,0,0,0.029486493,0,0
ASV_4832,0.004993085,0,0,0.007347489,0,0,0,0,0.020853258,0
ASV_4837,0,0,0,0,0,0,0,0,0.036672971,0
ASV_4841,0.029459199,0,0,0,0,0,0,0,0,0
ASV_4842,0,0.052695039,0,0,0,0,0,0,0,0
ASV_4843,0,0,0.028983229,0,0,0,0,0,0,0
ASV_4844,0,0,0,0.039409262,0,0,0,0,0,0
ASV_4845,0,0,0,0.039409262,0,0,0,0,0,0
ASV_4846,0,0,0,0,0,0,0,0,0.024448647,0.009911549
ASV_4859,0,0,0,0.024046329,0,0,0,0,0,0
ASV_4884,0.028959891,0,0,0,0,0,0,0,0,0
ASV_4885,0,0.013397044,0,0.028722004,0,0,0,0,0,0
ASV_4886,0,0.010717635,0.003438688,0.000667954,0,0,0,0.018674779,0,0
ASV_4887,0,0,0.028491988,0,0,0,0,0,0,0
ASV_4888,0,0,0.02112337,0.006679536,0,0,0,0,0.003595389,0
ASV_4889,0,0,0.004421171,0.032729726,0,0,0,0,0,0
ASV_4890,0,0,0,0,0,0,0.025937567,0,0.029482192,0
ASV_4891,0,0,0,0,0,0,0,0,0.041706516,0
ASV_4892,0,0,0,0,0,0,0,0,0,0.022994794
ASV_4938,0.018474413,0.010717635,0,0,0,0,0,0,0,0
ASV_4942,0,0,0.002456206,0,0,0,0,0.015726129,0,0
ASV_4945,0,0,0.028000747,0,0,0,0,0,0,0
ASV_4946,0,0,0.028000747,0,0,0,0,0,0,0
ASV_4947,0,0,0,0.038073355,0,0,0,0,0,0
ASV_4948,0,0,0,0.038073355,0,0,0,0,0,0
ASV_4949,0,0,0,0.038073355,0,0,0,0,0,0
ASV_4950,0,0,0,0,0,0.014415453,0,0.014743246,0.011505246,0
ASV_4979,0,0.005358817,0.022105853,0,0,0,0,0,0,0
ASV_4995,0,0,0.024070817,0,0,0,0,0,0,0
ASV_5001,0.01947303,0.00714509,0.004421171,0,0,0,0,0,0,0
ASV_5002,0,0,0.027509506,0,0,0,0,0,0,0
ASV_5003,0,0,0,0.037405401,0,0,0,0,0,0
ASV_5004,0,0,0,0,0,0.073387763,0,0,0,0
ASV_5005,0,0,0,0,0,0.073387763,0,0,0,0
ASV_5006,0,0,0,0,0,0,0.036617741,0,0.023010491,0
ASV_5007,0,0,0,0,0,0,0.027463306,0,0.027324958,0
ASV_5008,0,0,0,0,0,0,0,0.027520727,0,0
ASV_5017,0,0,0,0.013359072,0,0,0,0,0,0.00198231
ASV_5032,0,0,0,0.024046329,0,0,0,0,0,0
ASV_5040,0,0,0,0,0,0,0,0,0,0.009118625
ASV_5044,0,0,0.016210959,0,0,0,0,0,0,0
ASV_5048,0,0.049122494,0,0,0,0,0,0,0,0
ASV_5049,0,0,0.027018264,0,0,0,0,0,0,0
ASV_5050,0,0,0,0.036737447,0,0,0,0,0,0
ASV_5051,0,0,0,0,0,0,0,0.027029285,0,0
ASV_5052,0,0,0,0,0,0,0,0,0.039549282,0
ASV_5101,0,0.043763676,0,0,0,0,0,0,0,0.00198231
ASV_5102,0,0.016076452,0.004421171,0.018034747,0,0,0,0,0,0
ASV_5114,0.003495159,0,0,0.014694979,0,0,0,0,0,0
ASV_5128,0,0,0.01277227,0,0,0,0,0,0,0
ASV_5141,0,0,0,0,0,0,0,0,0,0.015858479
ASV_5142,0,0,0,0,0,0,0,0,0.025167725,0
ASV_5146,0,0,0,0,0,0,0,0.010320272,0.005752623,0
ASV_5148,0.016477179,0,0.006877376,0,0,0,0,0,0,0
ASV_5149,0,0,0,0.03540154,0,0,0,0,0,0
ASV_5150,0,0,0,0.03540154,0,0,0,0,0,0
ASV_5151,0,0,0,0,0,0,0,0.005897299,0,0.016254941
ASV_5152,0,0,0,0,0,0,0,0,0.038111126,0
ASV_5153,0,0,0,0,0,0,0,0,0,0.021012485
ASV_5188,0,0,0.010316065,0,0,0,0,0,0,0
ASV_5194,0,0.016076452,0.010807306,0.008015443,0,0,0,0,0,0
ASV_5195,0,0,0.025544541,0,0,0,0,0,0,0
ASV_5196,0,0,0.004421171,0.028722004,0,0,0,0,0,0
ASV_5197,0,0,0,0,0,0,0,0.02555496,0,0
ASV_5198,0,0,0,0,0,0,0,0,0,0.020616023
ASV_5217,0,0,0,0.032061772,0,0,0,0,0,0
ASV_5219,0.001997234,0,0,0.016030886,0,0,0,0,0,0
ASV_5236,0.002995851,0,0,0.021374515,0,0,0,0,0,0
ASV_5251,0.011484095,0,0,0,0,0,0.042720698,0,0,0
ASV_5252,0.007988935,0,0,0.01669884,0.077543424,0,0,0,0,0
ASV_5253,0,0,0.017684682,0.010019304,0,0,0,0,0,0
ASV_5254,0,0,0,0.034065633,0,0,0,0,0,0
ASV_5255,0,0,0,0,0,0,0,0.025063519,0,0
ASV_5294,0.024965423,0,0,0,0,0,0,0,0,0
ASV_5295,0.024965423,0,0,0,0,0,0,0,0,0
ASV_5296,0.011983403,0,0.006386135,0.008683397,0,0,0,0,0,0
ASV_5297,0,0.001786272,0.023579576,0,0,0,0,0,0,0
ASV_5298,0,0,0.024562058,0,0,0,0,0,0,0
ASV_5299,0,0,0.024562058,0,0,0,0,0,0,0
ASV_5300,0,0,0,0.03339768,0,0,0,0,0,0
ASV_5301,0,0,0,0,0.387717122,0,0,0,0,0
ASV_5302,0,0,0,0,0,0.065524788,0,0,0,0
ASV_5303,0,0,0,0,0,0,0,0,0,0.019823099
ASV_5309,0,0,0,0,0.341191067,0,0,0,0,0
ASV_5348,0.013980637,0,0,0,0,0,0,0,0,0
ASV_5352,0.008488244,0,0,0.021374515,0,0,0,0,0,0
ASV_5353,0,0.011610771,0.017684682,0,0,0,0,0,0,0
ASV_5354,0,0,0,0.032729726,0,0,0,0,0,0
ASV_5355,0,0,0,0.028722004,0,0,0,0,0.004314467,0
ASV_5399,0,0,0,0,0,0,0,0.007371623,0,0.004757544
ASV_5407,0.010984786,0,0.01277227,0,0,0,0,0,0,0
ASV_5408,0,0,0.007859859,0.018702701,0,0,0,0,0,0.001585848
ASV_5424,0,0,0.002456206,0.008683397,0,0,0,0,0,0
ASV_5425,0,0,0,0.015362933,0.069789082,0,0,0.002457208,0.002157234,0
ASV_5439,0,0,0,0,0,0,0,0,0.023729569,0
ASV_5467,0.016976488,0.011610771,0,0,0,0,0,0,0,0
ASV_5468,0.007988935,0.009824499,0,0.013359072,0,0,0,0,0,0
ASV_5469,0.007988935,0,0,0.020706561,0,0,0,0,0,0
ASV_5470,0.005492393,0,0.004421171,0.018034747,0,0,0,0,0,0
ASV_5471,0,0.008038226,0,0.007347489,0.209367246,0,0,0,0,0
ASV_5472,0,0,0.023088335,0,0,0,0,0,0,0
ASV_5473,0,0,0,0.031393819,0,0,0,0,0,0
ASV_5474,0,0,0,0.031393819,0,0,0,0,0,0
ASV_5505,0.007489627,0,0.011789788,0,0,0,0,0,0,0
ASV_5528,0,0,0,0,0,0,0,0.016709013,0,0
ASV_5530,0,0.026794087,0,0.010687257,0,0,0,0,0,0
ASV_5531,0,0,0.022597094,0,0,0,0,0,0,0
ASV_5532,0,0,0,0.030725865,0,0,0,0,0,0
ASV_5533,0,0,0,0.030725865,0,0,0,0,0,0
ASV_5534,0,0,0,0.030725865,0,0,0,0,0,0
ASV_5535,0,0,0,0.030725865,0,0,0,0,0,0
ASV_5548,0.008488244,0,0.008842341,0.003339768,0,0,0,0,0,0
ASV_5577,0.005492393,0.010717635,0,0,0,0,0,0,0,0
ASV_5581,0,0,0,0,0,0,0,0,0.026605881,0
ASV_5591,0,0,0.022105853,0,0,0,0,0,0,0
ASV_5592,0,0,0.010807306,0.015362933,0,0,0,0,0,0
ASV_5593,0,0,0,0.030057912,0,0,0,0,0,0
ASV_5594,0,0,0,0.030057912,0,0,0,0,0,0
ASV_5595,0,0,0,0.030057912,0,0,0,0,0,0
ASV_5627,0,0.019648997,0,0.012023165,0,0,0,0,0,0
ASV_5628,0,0,0.002456206,0,0,0,0,0.014743246,0,0
ASV_5637,0.015478562,0,0,0,0,0,0.013731653,0,0,0
ASV_5646,0,0,0,0,0,0.00917347,0,0.013268922,0,0
ASV_5649,0.021969572,0,0,0,0,0,0,0,0,0
ASV_5650,0.018973721,0,0.002947447,0,0,0,0,0,0,0
ASV_5651,0,0.039297995,0,0,0,0,0,0,0,0
ASV_5652,0,0,0.007859859,0.014027025,0,0,0,0,0,0
ASV_5653,0,0,0.004912412,0.022710422,0,0,0,0,0,0
ASV_5654,0,0,0,0.029389958,0,0,0,0,0,0
ASV_5655,0,0,0,0.029389958,0,0,0,0,0,0
ASV_5656,0,0,0,0,0,0,0,0,0,0.017444327
ASV_5678,0.005991701,0.016076452,0,0.006011582,0,0,0,0,0,0
ASV_5694,0,0.03572545,0,0,0,0,0,0,0,0
ASV_5711,0,0,0,0,0,0,0,0.008354506,0,0
ASV_5714,0.017475796,0,0.003929929,0,0,0,0,0,0,0
ASV_5715,0.014479945,0,0.006877376,0,0,0,0,0,0,0
ASV_5716,0.00649101,0,0,0.020038608,0,0,0,0,0,0
ASV_5717,0,0.004465681,0.018667164,0,0,0,0,0,0,0
ASV_5718,0,0,0.02112337,0,0,0,0,0,0,0
ASV_5730,0.004493776,0,0.013263512,0,0,0,0,0,0,0
ASV_5737,0,0.024114679,0,0,0,0,0,0,0,0
ASV_5770,0,0,0,0,0.178349876,0,0.012205914,0,0,0
ASV_5777,0,0,0,0,0,0,0,0,0,0.006739854
ASV_5783,0.020970955,0,0,0,0,0,0,0,0,0
ASV_5784,0,0.025900951,0.006386135,0,0,0,0,0,0,0
ASV_5785,0,0,0.020632129,0,0,0,0,0,0,0
ASV_5786,0,0,0.0167022,0,0.062034739,0,0,0,0,0
ASV_5787,0,0,0,0.028054051,0,0,0,0,0,0
ASV_5788,0,0,0,0.018702701,0.108560794,0,0,0,0,0
ASV_5789,0,0,0,0,0,0,0,0.008845948,0,0.009515087
ASV_5806,0,0,0.009333582,0,0,0,0,0,0,0
ASV_5830,0.007988935,0,0,0,0,0,0,0.002457208,0,0
ASV_5865,0.020471647,0,0,0,0,0,0,0,0,0
ASV_5866,0.012482711,0,0.007859859,0,0,0,0,0,0,0
ASV_5867,0,0.036618586,0,0,0,0,0,0,0,0
ASV_5868,0,0,0.020140888,0,0,0,0,0,0,0
ASV_5869,0,0,0.005403653,0,0,0,0,0.014743246,0,0
ASV_5870,0,0,0,0.027386097,0,0,0,0,0,0
ASV_5871,0,0,0,0.027386097,0,0,0,0,0,0
ASV_5872,0,0,0,0.027386097,0,0,0,0,0,0
ASV_5873,0,0,0,0.027386097,0,0,0,0,0,0
ASV_5874,0,0,0,0.027386097,0,0,0,0,0,0
ASV_5876,0,0,0,0,0,0,0,0.007863065,0,0.009911549
ASV_5894,0.004993085,0,0,0.016030886,0,0,0,0,0,0
ASV_5953,0,0,0,0,0,0,0,0,0.023729569,0
ASV_5956,0,0.012503907,0.01277227,0,0,0,0,0,0,0
ASV_5957,0,0,0,0.026718144,0,0,0,0,0,0
ASV_5958,0,0,0,0.017366793,0,0,0,0.006880182,0,0
ASV_5959,0,0,0,0,0,0.035383386,0,0,0,0.005154006
ASV_5960,0,0,0,0,0,0,0.061029569,0,0,0
ASV_5967,0,0,0.005403653,0,0,0,0,0.007863065,0,0
ASV_5975,0.008488244,0,0,0.00935135,0,0,0,0,0,0
ASV_5976,0,0,0,0,0,0.005241983,0.007628696,0,0.004314467,0
ASV_5981,0,0,0,0.024046329,0,0,0,0,0,0
ASV_6001,0,0,0,0.016030886,0,0,0,0,0,0.002775234
ASV_6034,0.014979254,0,0,0.006011582,0,0,0,0,0,0
ASV_6035,0,0.017862725,0.009333582,0,0,0,0,0,0,0
ASV_6036,0,0,0.019158406,0,0,0,0,0,0,0
ASV_6037,0,0,0,0.02605019,0,0,0,0,0,0
ASV_6081,0.003994468,0,0,0.006011582,0,0,0,0,0,0
ASV_6092,0,0,0,0.018702701,0,0,0,0,0,0
ASV_6121,0,0,0,0.019370654,0,0,0,0,0,0
ASV_6131,0,0,0,0,0,0,0,0,0.017257869,0
ASV_6138,0.018973721,0,0,0,0,0,0,0,0,0
ASV_6139,0.018973721,0,0,0,0,0,0,0,0,0
ASV_6140,0.01298202,0,0,0.008015443,0,0,0,0,0,0
ASV_6141,0.007988935,0.019648997,0,0,0,0,0,0,0,0
ASV_6142,0.002995851,0,0,0.021374515,0,0,0,0,0,0
ASV_6143,0,0,0.018667164,0,0,0,0,0,0,0
ASV_6144,0,0,0,0.025382236,0,0,0,0,0,0
ASV_6145,0,0,0,0.025382236,0,0,0,0,0,0
ASV_6146,0,0,0,0.025382236,0,0,0,0,0,0
ASV_6147,0,0,0,0.025382236,0,0,0,0,0,0
ASV_6148,0,0,0,0,0.294665012,0,0,0,0,0
ASV_6149,0,0,0,0,0.294665012,0,0,0,0,0
ASV_6150,0,0,0,0,0.178349876,0,0.022886088,0,0,0
ASV_6151,0,0,0,0,0,0.049798839,0,0,0,0
ASV_6169,0,0,0,0,0,0,0,0,0,0.012686783
ASV_6218,0,0,0.015228476,0,0,0,0,0,0,0
ASV_6221,0.018474413,0,0,0,0,0,0,0,0,0
ASV_6222,0.018474413,0,0,0,0,0,0,0,0,0
ASV_6223,0.014979254,0,0,0.004675675,0,0,0,0,0,0
ASV_6224,0,0,0.018175923,0,0,0,0,0,0,0
ASV_6225,0,0,0.018175923,0,0,0,0,0,0,0
ASV_6226,0,0,0.018175923,0,0,0,0,0,0,0
ASV_6227,0,0,0.018175923,0,0,0,0,0,0,0
ASV_6228,0,0,0.010807306,0.010019304,0,0,0,0,0,0
ASV_6229,0,0,0,0.024714283,0,0,0,0,0,0
ASV_6230,0,0,0,0,0,0.048488343,0,0,0,0
ASV_6231,0,0,0,0,0,0,0,0,0,0.014669093
ASV_6250,0,0,0,0.015362933,0,0,0,0,0,0
ASV_6258,0,0,0.002456206,0,0.224875931,0,0,0,0,0
ASV_6315,0.017975104,0,0,0,0,0,0,0,0,0
ASV_6316,0,0,0.017684682,0,0,0,0,0,0,0
ASV_6317,0,0,0.017684682,0,0,0,0,0,0,0
ASV_6318,0,0,0.017684682,0,0,0,0,0,0,0
ASV_6319,0,0,0,0.024046329,0,0,0,0,0,0
ASV_6320,0,0,0,0.024046329,0,0,0,0,0,0
ASV_6321,0,0,0,0.024046329,0,0,0,0,0,0
ASV_6322,0,0,0,0.024046329,0,0,0,0,0,0
ASV_6323,0,0,0,0.024046329,0,0,0,0,0,0
ASV_6324,0,0,0,0.024046329,0,0,0,0,0,0
ASV_6325,0,0,0,0.016030886,0,0,0,0.005897299,0,0
ASV_6326,0,0,0,0.010687257,0.155086849,0,0,0,0,0
ASV_6327,0,0,0,0,0,0,0,0,0,0.014272631
ASV_6328,0,0,0,0,0,0,0,0,0,0.014272631
ASV_6372,0.011983403,0,0,0,0,0,0,0,0,0
ASV_6393,0,0,0,0,0,0.026209915,0,0,0,0
ASV_6417,0.011484095,0.010717635,0,0,0,0,0,0,0,0
ASV_6418,0.00649101,0.019648997,0,0,0,0,0,0,0,0
ASV_6419,0,0.031259769,0,0,0,0,0,0,0,0
ASV_6420,0,0.012503907,0,0.014027025,0,0,0,0,0,0
ASV_6421,0,0,0.017193441,0,0,0,0,0,0,0
ASV_6422,0,0,0.010807306,0.008683397,0,0,0,0,0,0
ASV_6423,0,0,0,0.023378376,0,0,0,0,0,0
ASV_6424,0,0,0,0.023378376,0,0,0,0,0,0
ASV_6425,0,0,0,0,0,0,0,0.017200454,0,0
ASV_6426,0,0,0,0,0,0,0,0,0.025167725,0
ASV_6427,0,0,0,0,0,0,0,0,0,0.013876169
ASV_6499,0,0,0,0.012691118,0,0,0,0,0,0
ASV_6507,0,0,0.0083511,0,0,0,0,0,0,0
ASV_6513,0.016976488,0,0,0,0,0,0,0,0,0
ASV_6514,0.016976488,0,0,0,0,0,0,0,0,0
ASV_6515,0.011484095,0,0.005403653,0,0,0,0,0,0,0
ASV_6516,0.008987552,0.01429018,0,0,0,0,0,0,0,0
ASV_6518,0,0,0.0167022,0,0,0,0,0,0,0
ASV_6519,0,0,0.005894894,0.014694979,0,0,0,0,0,0
ASV_6520,0,0,0.001964965,0.020038608,0,0,0,0,0,0
ASV_6521,0,0,0,0.022710422,0,0,0,0,0,0
ASV_6524,0,0,0,0,0,0,0,0.016709013,0,0
ASV_6525,0,0,0,0,0,0,0,0,0.024448647,0
ASV_6542,0.008488244,0,0,0,0,0,0,0,0,0
ASV_6571,0,0,0.012281029,0,0,0,0,0,0,0
ASV_6607,0.004993085,0.015183316,0,0,0.046526055,0,0,0,0,0
ASV_6608,0.004493776,0,0,0,0,0,0,0,0.017257869,0
ASV_6609,0,0.029473496,0,0,0,0,0,0,0,0
ASV_6610,0,0,0.016210959,0,0,0,0,0,0,0
ASV_6611,0,0,0,0.022042468,0,0,0,0,0,0
ASV_6612,0,0,0,0.022042468,0,0,0,0,0,0
ASV_6613,0,0,0,0.022042468,0,0,0,0,0,0
ASV_6614,0,0,0,0.022042468,0,0,0,0,0,0
ASV_6615,0,0,0,0.022042468,0,0,0,0,0,0
ASV_6616,0,0,0,0.022042468,0,0,0,0,0,0
ASV_6617,0,0,0,0.022042468,0,0,0,0,0,0
ASV_6621,0,0,0,0,0,0,0,0.016217571,0,0
ASV_6622,0,0,0,0,0,0,0,0,0.009348012,0.007929239
ASV_6623,0,0,0,0,0,0,0,0,0.002876311,0.011497397
ASV_6647,0,0,0,0.014027025,0,0,0,0,0,0
ASV_6700,0,0,0,0,0,0,0,0,0,0.007929239
ASV_6711,0,0,0,0,0,0,0,0.001474325,0.010786168,0
ASV_6717,0.015977871,0,0,0,0,0,0,0,0,0
ASV_6718,0.011983403,0,0.003438688,0.000667954,0,0,0,0,0,0
ASV_6719,0,0.02858036,0,0,0,0,0,0,0,0
ASV_6720,0,0.015183316,0,0,0,0,0,0.007371623,0,0
ASV_6721,0,0,0.015719717,0,0,0,0,0,0,0
ASV_6722,0,0,0.015719717,0,0,0,0,0,0,0
ASV_6723,0,0,0.015719717,0,0,0,0,0,0,0
ASV_6724,0,0,0.015719717,0,0,0,0,0,0,0
ASV_6725,0,0,0.011789788,0,0,0,0,0.003931532,0,0
ASV_6726,0,0,0,0.021374515,0,0,0,0,0,0
ASV_6727,0,0,0,0.021374515,0,0,0,0,0,0
ASV_6728,0,0,0,0.01669884,0.054280397,0,0,0,0,0
ASV_6730,0,0,0,0,0,0,0.030514784,0,0,0.004757544
ASV_6731,0,0,0,0,0,0,0,0,0,0.012686783
ASV_6782,0,0,0.009333582,0.004675675,0,0,0,0,0,0
ASV_6796,0.007489627,0,0,0,0,0,0,0,0,0
ASV_6829,0,0,0,0,0,0,0,0.010320272,0,0
ASV_6837,0.015478562,0,0,0,0,0,0,0,0,0
ASV_6838,0.015478562,0,0,0,0,0,0,0,0,0
ASV_6839,0.004493776,0,0.010807306,0,0,0,0,0,0,0
ASV_6840,0,0.012503907,0,0.006679536,0,0,0,0.003440091,0,0
ASV_6841,0,0,0.015228476,0,0,0,0,0,0,0
ASV_6842,0,0,0.015228476,0,0,0,0,0,0,0
ASV_6843,0,0,0.0083511,0,0,0,0,0,0.01006709,0
ASV_6844,0,0,0,0.020706561,0,0,0,0,0,0
ASV_6845,0,0,0,0.01669884,0,0,0,0.002948649,0,0
ASV_6846,0,0,0,0,0,0,0,0.015234688,0,0
ASV_6940,0,0,0.014737235,0,0,0,0,0,0,0
ASV_6941,0,0,0.014737235,0,0,0,0,0,0,0
ASV_6942,0,0,0.014737235,0,0,0,0,0,0,0
ASV_6943,0,0,0,0.020038608,0,0,0,0,0,0
ASV_6944,0,0,0,0.020038608,0,0,0,0,0,0
ASV_6945,0,0,0,0.020038608,0,0,0,0,0,0
ASV_6946,0,0,0,0.020038608,0,0,0,0,0,0
ASV_6947,0,0,0,0.020038608,0,0,0,0,0,0
ASV_6949,0,0,0,0,0,0,0,0.014743246,0,0
ASV_6950,0,0,0,0,0,0,0,0.014743246,0,0
ASV_7054,0.014479945,0,0,0,0,0,0,0,0,0
ASV_7055,0,0.025900951,0,0,0,0,0,0,0,0
ASV_7056,0,0.017862725,0,0.006011582,0,0,0,0,0,0
ASV_7057,0,0,0.014245994,0,0,0,0,0,0,0
ASV_7058,0,0,0.014245994,0,0,0,0,0,0,0
ASV_7059,0,0,0,0.019370654,0,0,0,0,0,0
ASV_7061,0,0,0,0.019370654,0,0,0,0,0,0
ASV_7065,0,0,0,0,0,0,0,0.014251805,0,0
ASV_7176,0.002995851,0,0.010807306,0,0,0,0,0,0,0
ASV_7177,0,0.025007815,0,0,0,0,0,0,0,0
ASV_7178,0,0,0.013754753,0,0,0,0,0,0,0
ASV_7179,0,0,0.007368618,0.008683397,0,0,0,0,0,0
ASV_7180,0,0,0.004912412,0,0,0,0,0.008845948,0,0
ASV_7181,0,0,0,0.018702701,0,0,0,0,0,0
ASV_7182,0,0,0,0.018702701,0,0,0,0,0,0
ASV_7183,0,0,0,0.018702701,0,0,0,0,0,0
ASV_7184,0,0,0,0,0.217121588,0,0,0,0,0
ASV_7188,0,0,0,0,0,0.036693881,0,0,0,0
ASV_7189,0,0,0,0,0,0,0,0.013760363,0,0
ASV_7190,0,0,0,0,0,0,0,0.013760363,0,0
ASV_7191,0,0,0,0,0,0,0,0,0,0.011100935
ASV_7282,0,0,0,0,0,0,0,0,0.016538791,0
ASV_7300,0,0,0,0.014694979,0,0,0,0,0,0
ASV_7301,0,0.009824499,0.007859859,0,0,0,0,0,0,0
ASV_7302,0,0,0.013263512,0,0,0,0,0,0,0
ASV_7303,0,0,0.013263512,0,0,0,0,0,0,0
ASV_7304,0,0,0.005894894,0.010019304,0,0,0,0,0,0
ASV_7305,0,0,0,0.018034747,0,0,0,0,0,0
ASV_7306,0,0,0,0.018034747,0,0,0,0,0,0
ASV_7310,0,0,0,0,0,0,0,0,0.019415102,0
ASV_7383,0,0,0,0.004007722,0,0,0,0,0.008628934,0
ASV_7440,0.01298202,0,0,0,0,0,0,0,0,0
ASV_7441,0,0.023221542,0,0,0,0,0,0,0,0
ASV_7442,0,0,0.01277227,0,0,0,0,0,0,0
ASV_7443,0,0,0.01277227,0,0,0,0,0,0,0
ASV_7444,0,0,0,0.017366793,0,0,0,0,0,0
ASV_7445,0,0,0,0.017366793,0,0,0,0,0,0
ASV_7446,0,0,0,0,0.201612903,0,0,0,0,0
ASV_7447,0,0,0,0,0,0,0,0,0.018696024,0
ASV_7448,0,0,0,0,0,0,0,0,0.018696024,0
ASV_7449,0,0,0,0,0,0,0,0,0,0.010308011
ASV_7450,0,0,0,0,0,0,0,0,0,0.010308011
ASV_7599,0.012482711,0,0,0,0,0,0,0,0,0
ASV_7600,0.001997234,0,0,0.014027025,0,0,0,0,0,0
ASV_7601,0,0.008931362,0,0.010019304,0,0,0,0,0,0
ASV_7602,0,0.006251954,0.005403653,0.004675675,0,0,0,0,0,0
ASV_7603,0,0.003572545,0,0.014027025,0,0,0,0,0,0
ASV_7604,0,0,0.012281029,0,0,0,0,0,0,0
ASV_7605,0,0,0,0.01669884,0,0,0,0,0,0
ASV_7606,0,0,0,0.01669884,0,0,0,0,0,0
ASV_7607,0,0,0,0,0.193858561,0,0,0,0,0
ASV_7612,0,0,0,0,0,0,0,0.012286039,0,0
ASV_7613,0,0,0,0,0,0,0,0.012286039,0,0
ASV_7614,0,0,0,0,0,0,0,0.012286039,0,0
ASV_7615,0,0,0,0,0,0,0,0,0.017976946,0
ASV_7616,0,0,0,0,0,0,0,0,0.017976946,0
ASV_7681,0,0,0.006877376,0.004007722,0,0,0,0,0,0
ASV_7730,0.007988935,0,0.003929929,0,0,0,0,0,0,0
ASV_7731,0.004993085,0.012503907,0,0,0,0,0,0,0,0
ASV_7732,0,0,0.011789788,0,0,0,0,0,0,0
ASV_7733,0,0,0,0.016030886,0,0,0,0,0,0
ASV_7734,0,0,0,0.016030886,0,0,0,0,0,0
ASV_7735,0,0,0,0.016030886,0,0,0,0,0,0
ASV_7736,0,0,0,0.016030886,0,0,0,0,0,0
ASV_7737,0,0,0,0.008683397,0,0,0,0,0,0.004361082
ASV_7738,0,0,0,0,0,0,0,0.011794597,0,0
ASV_7739,0,0,0,0,0,0,0,0.011794597,0,0
ASV_7740,0,0,0,0,0,0,0,0.001965766,0,0.007929239
ASV_7741,0,0,0,0,0,0,0,0,0,0.009515087
ASV_7742,0,0,0,0,0,0,0,0,0,0.009515087
ASV_7879,0.011484095,0,0,0,0,0,0,0,0,0
ASV_7880,0.011484095,0,0,0,0,0,0,0,0,0
ASV_7881,0.009986169,0,0,0.002003861,0,0,0,0,0,0
ASV_7882,0.002496542,0,0.008842341,0,0,0,0,0,0,0
ASV_7883,0,0,0.011298547,0,0,0,0,0,0,0
ASV_7884,0,0,0.011298547,0,0,0,0,0,0,0
ASV_7886,0,0,0,0.015362933,0,0,0,0,0,0
ASV_7889,0,0,0,0,0,0,0,0.011303156,0,0
ASV_7890,0,0,0,0,0,0,0,0.011303156,0,0
ASV_7891,0,0,0,0,0,0,0,0,0.016538791,0
ASV_7892,0,0,0,0,0,0,0,0,0,0.009118625
ASV_7893,0,0,0,0,0,0,0,0,0,0.009118625
ASV_7894,0,0,0,0,0,0,0,0,0,0.009118625
ASV_7895,0,0,0,0,0,0,0,0,0,0.009118625
ASV_7931,0.005492393,0,0,0.006011582,0,0,0,0,0,0
ASV_7938,0,0,0,0,0,0,0,0,0.013662479,0
ASV_8061,0.010984786,0,0,0,0,0,0,0,0,0
ASV_8062,0.002496542,0,0.0083511,0,0,0,0,0,0,0
ASV_8063,0,0.019648997,0,0,0,0,0,0,0,0
ASV_8064,0,0.019648997,0,0,0,0,0,0,0,0
ASV_8065,0,0,0.010807306,0,0,0,0,0,0,0
ASV_8066,0,0,0.006877376,0.005343629,0,0,0,0,0,0
ASV_8067,0,0,0,0.014694979,0,0,0,0,0,0
ASV_8068,0,0,0,0.014694979,0,0,0,0,0,0
ASV_8069,0,0,0,0.014694979,0,0,0,0,0,0
ASV_8070,0,0,0,0.014694979,0,0,0,0,0,0
ASV_8071,0,0,0,0.014694979,0,0,0,0,0,0
ASV_8072,0,0,0,0.014694979,0,0,0,0,0,0
ASV_8073,0,0,0,0,0.170595533,0,0,0,0,0
ASV_8080,0,0,0,0,0,0,0,0.010811714,0,0
ASV_8081,0,0,0,0,0,0,0,0.010811714,0,0
ASV_8082,0,0,0,0,0,0,0,0.009337389,0,0.001189386
ASV_8083,0,0,0,0,0,0,0,0,0.009348012,0.003568158
ASV_8111,0.007489627,0,0,0,0,0,0,0,0,0
ASV_8188,0,0,0.008842341,0,0,0,0,0,0,0
ASV_8241,0.010485478,0,0,0,0,0,0,0,0,0
ASV_8242,0.010485478,0,0,0,0,0,0,0,0,0
ASV_8243,0.010485478,0,0,0,0,0,0,0,0,0
ASV_8244,0.010485478,0,0,0,0,0,0,0,0,0
ASV_8245,0.007988935,0,0.002456206,0,0,0,0,0,0,0
ASV_8246,0,0,0.010316065,0,0,0,0,0,0,0
ASV_8247,0,0,0.010316065,0,0,0,0,0,0,0
ASV_8248,0,0,0.010316065,0,0,0,0,0,0,0
ASV_8249,0,0,0,0.014027025,0,0,0,0,0,0
ASV_8250,0,0,0,0.014027025,0,0,0,0,0,0
ASV_8251,0,0,0,0.014027025,0,0,0,0,0,0
ASV_8252,0,0,0,0.014027025,0,0,0,0,0,0
ASV_8411,0,0,0,0,0,0,0,0,0,0.006343392
ASV_8430,0.009986169,0,0,0,0,0,0,0,0,0
ASV_8431,0.009986169,0,0,0,0,0,0,0,0,0
ASV_8432,0.009986169,0,0,0,0,0,0,0,0,0
ASV_8433,0.009986169,0,0,0,0,0,0,0,0,0
ASV_8434,0.004993085,0.008931362,0,0,0,0,0,0,0,0
ASV_8435,0,0.017862725,0,0,0,0,0,0,0,0
ASV_8436,0,0.017862725,0,0,0,0,0,0,0,0
ASV_8437,0,0,0.009824823,0,0,0,0,0,0,0
ASV_8438,0,0,0.009824823,0,0,0,0,0,0,0
ASV_8439,0,0,0,0.013359072,0,0,0,0,0,0
ASV_8440,0,0,0,0.013359072,0,0,0,0,0,0
ASV_8441,0,0,0,0.013359072,0,0,0,0,0,0
ASV_8442,0,0,0,0.013359072,0,0,0,0,0,0
ASV_8449,0,0,0,0,0,0,0,0.009828831,0,0
ASV_8450,0,0,0,0,0,0,0,0,0.014381557,0
ASV_8451,0,0,0,0,0,0,0,0,0.014381557,0
ASV_8452,0,0,0,0,0,0,0,0,0.014381557,0
ASV_8453,0,0,0,0,0,0,0,0,0,0.007929239
ASV_8595,0,0,0,0,0,0,0,0.005897299,0,0.001585848
ASV_8620,0.009486861,0,0,0,0,0,0,0,0,0
ASV_8621,0.009486861,0,0,0,0,0,0,0,0,0
ASV_8622,0.009486861,0,0,0,0,0,0,0,0,0
ASV_8623,0.009486861,0,0,0,0,0,0,0,0,0
ASV_8624,0.002995851,0,0,0.008683397,0,0,0,0,0,0
ASV_8625,0,0.016969589,0,0,0,0,0,0,0,0
ASV_8626,0,0.01429018,0,0,0,0,0,0,0.002157234,0
ASV_8627,0,0.00714509,0,0.007347489,0,0,0,0,0,0
ASV_8628,0,0.002679409,0,0,0,0,0,0.007863065,0,0
ASV_8629,0,0,0.009333582,0,0,0,0,0,0,0
ASV_8630,0,0,0.009333582,0,0,0,0,0,0,0
ASV_8631,0,0,0.009333582,0,0,0,0,0,0,0
ASV_8632,0,0,0.004912412,0.006011582,0,0,0,0,0,0
ASV_8633,0,0,0,0.012691118,0,0,0,0,0,0
ASV_8634,0,0,0,0.012691118,0,0,0,0,0,0
ASV_8635,0,0,0,0.012691118,0,0,0,0,0,0
ASV_8636,0,0,0,0.012691118,0,0,0,0,0,0
ASV_8637,0,0,0,0.012691118,0,0,0,0,0,0
ASV_8639,0,0,0,0.012691118,0,0,0,0,0,0
ASV_8640,0,0,0,0.012691118,0,0,0,0,0,0
ASV_8641,0,0,0,0.012691118,0,0,0,0,0,0
ASV_8643,0,0,0,0,0.069789082,0,0.015257392,0,0,0
ASV_8648,0,0,0,0,0,0.024899419,0,0,0,0
ASV_8649,0,0,0,0,0,0,0,0.009337389,0,0
ASV_8650,0,0,0,0,0,0,0,0,0.013662479,0
ASV_8651,0,0,0,0,0,0,0,0,0,0.007532777
ASV_8855,0,0,0,0.010687257,0,0,0,0,0,0
ASV_8873,0.008987552,0,0,0,0,0,0,0,0,0
ASV_8874,0.005492393,0,0,0,0,0,0,0.003440091,0,0
ASV_8875,0.004993085,0,0.003929929,0,0,0,0,0,0,0
ASV_8876,0,0.016076452,0,0,0,0,0,0,0,0
ASV_8877,0,0,0.008842341,0,0,0,0,0,0,0
ASV_8878,0,0,0.008842341,0,0,0,0,0,0,0
ASV_8879,0,0,0.008842341,0,0,0,0,0,0,0
ASV_8880,0,0,0.008842341,0,0,0,0,0,0,0
ASV_8881,0,0,0.003438688,0.007347489,0,0,0,0,0,0
ASV_8882,0,0,0.002456206,0,0.100806452,0,0,0,0,0
ASV_8883,0,0,0,0.012023165,0,0,0,0,0,0
ASV_8884,0,0,0,0.012023165,0,0,0,0,0,0
ASV_8885,0,0,0,0.012023165,0,0,0,0,0,0
ASV_8886,0,0,0,0.012023165,0,0,0,0,0,0
ASV_8887,0,0,0,0.012023165,0,0,0,0,0,0
ASV_8888,0,0,0,0.008683397,0,0,0,0.002457208,0,0
ASV_8889,0,0,0,0,0.139578164,0,0,0,0,0
ASV_8894,0,0,0,0,0,0,0.027463306,0,0,0
ASV_8895,0,0,0,0,0,0,0.027463306,0,0,0
ASV_8896,0,0,0,0,0,0,0,0.003440091,0.007909856,0
ASV_8897,0,0,0,0,0,0,0,0,0.012943401,0
ASV_8898,0,0,0,0,0,0,0,0,0.012943401,0
ASV_8899,0,0,0,0,0,0,0,0,0,0.007136316
ASV_8900,0,0,0,0,0,0,0,0,0,0.007136316
ASV_8901,0,0,0,0,0,0,0,0,0,0.007136316
ASV_9133,0.008488244,0,0,0,0,0,0,0,0,0
ASV_9134,0.008488244,0,0,0,0,0,0,0,0,0
ASV_9135,0.008488244,0,0,0,0,0,0,0,0,0
ASV_9136,0.000998617,0,0.007368618,0,0,0,0,0,0,0
ASV_9137,0,0.015183316,0,0,0,0,0,0,0,0
ASV_9138,0,0.015183316,0,0,0,0,0,0,0,0
ASV_9139,0,0.015183316,0,0,0,0,0,0,0,0
ASV_9140,0,0.015183316,0,0,0,0,0,0,0,0
ASV_9141,0,0.015183316,0,0,0,0,0,0,0,0
ASV_9142,0,0.015183316,0,0,0,0,0,0,0,0
ASV_9143,0,0.015183316,0,0,0,0,0,0,0,0
ASV_9144,0,0.009824499,0.002947447,0,0,0,0,0,0,0
ASV_9145,0,0.009824499,0,0,0,0,0,0,0.004314467,0
ASV_9146,0,0.00714509,0.004421171,0,0,0,0,0,0,0
ASV_9147,0,0.005358817,0.005403653,0,0,0,0,0,0,0
ASV_9148,0,0,0.0083511,0,0,0,0,0,0,0
ASV_9149,0,0,0.0083511,0,0,0,0,0,0,0
ASV_9150,0,0,0.0083511,0,0,0,0,0,0,0
ASV_9151,0,0,0.0083511,0,0,0,0,0,0,0
ASV_9152,0,0,0.0083511,0,0,0,0,0,0,0
ASV_9153,0,0,0,0.011355211,0,0,0,0,0,0
ASV_9154,0,0,0,0.011355211,0,0,0,0,0,0
ASV_9155,0,0,0,0.011355211,0,0,0,0,0,0
ASV_9156,0,0,0,0.011355211,0,0,0,0,0,0
ASV_9157,0,0,0,0.011355211,0,0,0,0,0,0
ASV_9158,0,0,0,0.011355211,0,0,0,0,0,0
ASV_9159,0,0,0,0.011355211,0,0,0,0,0,0
ASV_9160,0,0,0,0.011355211,0,0,0,0,0,0
ASV_9161,0,0,0,0.011355211,0,0,0,0,0,0
ASV_9162,0,0,0,0.011355211,0,0,0,0,0,0
ASV_9163,0,0,0,0.011355211,0,0,0,0,0,0
ASV_9164,0,0,0,0.011355211,0,0,0,0,0,0
ASV_9165,0,0,0,0,0.131823821,0,0,0,0,0
ASV_9175,0,0,0,0,0,0,0.025937567,0,0,0
ASV_9176,0,0,0,0,0,0,0.025937567,0,0,0
ASV_9177,0,0,0,0,0,0,0,0.008354506,0,0
ASV_9178,0,0,0,0,0,0,0,0.008354506,0,0
ASV_9179,0,0,0,0,0,0,0,0.008354506,0,0
ASV_9180,0,0,0,0,0,0,0,0.008354506,0,0
ASV_9181,0,0,0,0,0,0,0,0.008354506,0,0
ASV_9182,0,0,0,0,0,0,0,0,0,0.006739854
ASV_9446,0.007988935,0,0,0,0,0,0,0,0,0
ASV_9447,0.007988935,0,0,0,0,0,0,0,0,0
ASV_9448,0.007988935,0,0,0,0,0,0,0,0,0
ASV_9449,0,0.008931362,0.002947447,0,0,0,0,0,0,0
ASV_9450,0,0,0.007859859,0,0,0,0,0,0,0
ASV_9451,0,0,0.007859859,0,0,0,0,0,0,0
ASV_9452,0,0,0.007859859,0,0,0,0,0,0,0
ASV_9453,0,0,0.007859859,0,0,0,0,0,0,0
ASV_9454,0,0,0,0.010687257,0,0,0,0,0,0
ASV_9455,0,0,0,0.010687257,0,0,0,0,0,0
ASV_9456,0,0,0,0.010687257,0,0,0,0,0,0
ASV_9457,0,0,0,0.010687257,0,0,0,0,0,0
ASV_9458,0,0,0,0.002003861,0,0.017036445,0,0,0,0
ASV_9459,0,0,0,0,0.124069479,0,0,0,0,0
ASV_9462,0,0,0,0,0,0.020967932,0,0,0,0
ASV_9463,0,0,0,0,0,0.020967932,0,0,0,0
ASV_9464,0,0,0,0,0,0,0,0.007863065,0,0
ASV_9465,0,0,0,0,0,0,0,0.007863065,0,0
ASV_9466,0,0,0,0,0,0,0,0.007863065,0,0
ASV_9467,0,0,0,0,0,0,0,0,0,0.006343392
ASV_9468,0,0,0,0,0,0,0,0,0,0.006343392
ASV_9469,0,0,0,0,0,0,0,0,0,0.006343392
ASV_9759,0.007489627,0,0,0,0,0,0,0,0,0
ASV_9760,0.007489627,0,0,0,0,0,0,0,0,0
ASV_9761,0.007489627,0,0,0,0,0,0,0,0,0
ASV_9762,0.007489627,0,0,0,0,0,0,0,0,0
ASV_9763,0.007489627,0,0,0,0,0,0,0,0,0
ASV_9764,0,0.013397044,0,0,0,0,0,0,0,0
ASV_9765,0,0.013397044,0,0,0,0,0,0,0,0
ASV_9766,0,0.013397044,0,0,0,0,0,0,0,0
ASV_9767,0,0.00714509,0,0.004675675,0,0,0,0,0,0
ASV_9768,0,0.004465681,0.004912412,0,0,0,0,0,0,0
ASV_9769,0,0,0.007368618,0,0,0,0,0,0,0
ASV_9770,0,0,0.007368618,0,0,0,0,0,0,0
ASV_9771,0,0,0.007368618,0,0,0,0,0,0,0
ASV_9772,0,0,0.007368618,0,0,0,0,0,0,0
ASV_9773,0,0,0.007368618,0,0,0,0,0,0,0
ASV_9774,0,0,0,0.010019304,0,0,0,0,0,0
ASV_9775,0,0,0,0.010019304,0,0,0,0,0,0
ASV_9776,0,0,0,0.010019304,0,0,0,0,0,0
ASV_9777,0,0,0,0.010019304,0,0,0,0,0,0
ASV_9778,0,0,0,0.010019304,0,0,0,0,0,0
ASV_9779,0,0,0,0.010019304,0,0,0,0,0,0
ASV_9780,0,0,0,0.010019304,0,0,0,0,0,0
ASV_9789,0,0,0,0,0,0,0.022886088,0,0,0
ASV_9790,0,0,0,0,0,0,0,0.007371623,0,0
ASV_9791,0,0,0,0,0,0,0,0.007371623,0,0
ASV_9792,0,0,0,0,0,0,0,0.007371623,0,0
ASV_9793,0,0,0,0,0,0,0,0,0.010786168,0
ASV_9794,0,0,0,0,0,0,0,0,0.010786168,0
ASV_9795,0,0,0,0,0,0,0,0,0.010786168,0
ASV_9796,0,0,0,0,0,0,0,0,0,0.00594693
